ClaimNumber,AdjusterID,InvestigationStatus,InvestigationCost
CLM004057,1288,Completed,4593.43
CLM000219,1631,In Review,159.93
CLM001105,1693,Completed,1478.49
CLM001209,1184,Pending,2293.29
CLM004549,1216,Completed,1663.55
CLM003585,1030,Pending,2804.4
CLM004707,1278,Pending,2361.9
CLM000406,1947,In Review,1351.83
CLM004160,1474,Pending,531.3
CLM003569,1224,Completed,773.92
CLM004658,1882,Completed,2482.97
CLM001408,1821,In Review,4245.13
CLM004119,1686,In Review,593.13
CLM004060,1176,Pending,3418.31
CLM003919,1083,Pending,3981.25
CLM004524,1567,Pending,1456.18
CLM001124,1091,Pending,3374.37
CLM002875,1007,Completed,3464.62
CLM001672,1661,Pending,3568.18
CLM002272,1573,In Review,4464.96
CLM004316,1053,Completed,2052.78
CLM001286,1162,Completed,1294.08
CLM003648,1630,Pending,2764.84
CLM002769,1478,Pending,406.49
CLM004084,1107,Completed,1736.21
CLM003631,1855,In Review,4427.8
CLM004941,1270,Pending,2707.08
CLM001370,1625,Completed,2239.71
CLM001633,1236,Completed,1401.85
CLM001153,1990,Pending,1326.84
CLM002542,1260,In Review,1259.4
CLM002876,1981,Completed,4163.24
CLM000831,1528,Completed,4926.6
CLM000485,1603,Completed,2720.51
CLM004488,1628,Pending,491.18
CLM004662,1386,Completed,3780.09
CLM003829,1402,Completed,4397.57
CLM000712,1357,Pending,4663.02
CLM001304,1218,In Review,3181.0
CLM003664,1464,Completed,2583.72
CLM003528,1991,Pending,3140.58
CLM004505,1420,In Review,163.46
CLM001991,1148,Pending,3311.56
CLM000355,1356,In Review,3577.27
CLM000373,1050,Pending,3637.95
CLM004782,1053,In Review,2859.05
CLM002995,1138,In Review,3530.22
CLM001729,1960,Pending,3230.28
CLM000486,1669,Completed,666.09
CLM002026,1857,In Review,4502.0
CLM004296,1748,Pending,3151.36
CLM000778,1112,Completed,3666.19
CLM003196,1426,Completed,1780.15
CLM003906,1497,Pending,4604.27
CLM003323,1291,Pending,2562.82
CLM003896,1345,In Review,3427.13
CLM001741,1510,Pending,4765.69
CLM002885,1440,Completed,4588.81
CLM001949,1745,Pending,3259.51
CLM001589,1631,Completed,912.13
CLM002764,1602,Completed,4757.79
CLM000925,1921,Pending,4922.26
CLM002082,1721,Completed,606.64
CLM003471,1480,Completed,2306.46
CLM001189,1227,In Review,2786.45
CLM003640,1996,Completed,551.2
CLM001120,1609,In Review,1029.43
CLM002692,1827,In Review,2734.76
CLM001064,1089,In Review,4819.14
CLM000788,1789,In Review,236.27
CLM002775,1535,Completed,4570.97
CLM002065,1395,Completed,4503.18
CLM002955,1074,Pending,4300.18
CLM002895,1827,In Review,1950.0
CLM000880,1660,Completed,2505.04
CLM000942,1335,In Review,2077.61
CLM004999,1163,In Review,4743.17
CLM000281,1518,Pending,2654.62
CLM004700,1956,In Review,495.0
CLM002474,1564,Completed,1442.89
CLM000079,1155,Completed,2363.96
CLM003478,1791,Completed,4772.42
CLM001387,1502,Completed,2887.86
CLM003921,1820,In Review,3510.76
CLM000033,1780,Completed,533.75
CLM004742,1333,Pending,4398.89
CLM003885,1490,In Review,2741.19
CLM004476,1606,Completed,4614.02
CLM000599,1327,Completed,2282.84
CLM001834,1000,Pending,3447.11
CLM002012,1359,In Review,2407.11
CLM000022,1626,Pending,798.53
CLM001553,1336,Pending,1433.04
CLM002778,1552,Completed,429.56
CLM003641,1186,Completed,2257.31
CLM004551,1268,Pending,3281.77
CLM003461,1949,In Review,1294.19
CLM002890,1430,In Review,2502.9
CLM004197,1538,In Review,2348.97
CLM004632,1972,Pending,2713.76
CLM003863,1122,In Review,1004.46
CLM001978,1551,Completed,2716.52
CLM003182,1218,Pending,1884.61
CLM002131,1415,Pending,1501.61
CLM000673,1765,Pending,2971.31
CLM004432,1185,In Review,825.38
CLM004218,1587,In Review,4513.23
CLM004929,1938,Completed,4680.78
CLM000460,1563,In Review,3336.99
CLM002000,1204,In Review,1585.46
CLM004875,1335,In Review,3167.43
CLM001393,1801,In Review,3047.46
CLM004955,1389,Completed,2017.13
CLM003239,1303,Completed,1507.51
CLM004850,1913,Completed,925.42
CLM002393,1848,In Review,1165.18
CLM000059,1678,In Review,3299.85
CLM001748,1511,Pending,4440.88
CLM002925,1973,Pending,1986.28
CLM004377,1774,In Review,697.31
CLM004203,1773,Pending,162.75
CLM000637,1971,Completed,2088.94
CLM004457,1225,Completed,1239.58
CLM002828,1820,Completed,1680.52
CLM001056,1512,Pending,1284.18
CLM004327,1028,Completed,3354.32
CLM001207,1603,Completed,3228.72
CLM002482,1964,Completed,4570.29
CLM000085,1980,In Review,3528.75
CLM002686,1614,In Review,908.21
CLM001417,1511,Completed,3782.81
CLM002396,1634,Completed,988.21
CLM003623,1613,In Review,2837.14
CLM001941,1353,In Review,477.68
CLM004175,1724,Pending,331.89
CLM004596,1471,In Review,2374.73
CLM004315,1688,Completed,614.42
CLM001048,1314,In Review,1602.67
CLM001405,1908,Completed,1760.28
CLM000935,1556,Pending,3870.19
CLM003304,1941,In Review,1730.13
CLM001284,1889,Pending,2522.07
CLM003565,1278,Completed,3885.67
CLM000536,1287,Completed,1104.0
CLM004814,1839,Completed,4044.0
CLM004233,1366,Completed,4175.79
CLM001872,1330,Pending,4945.35
CLM001625,1396,In Review,2275.83
CLM001033,1820,In Review,1916.18
CLM003629,1787,Completed,3539.83
CLM004163,1384,Completed,384.94
CLM004469,1824,Pending,294.78
CLM001870,1577,Pending,1741.46
CLM004806,1510,Completed,3674.62
CLM002371,1906,Completed,670.63
CLM003258,1557,In Review,3214.18
CLM000670,1029,In Review,1420.58
CLM002544,1196,In Review,3293.21
CLM000979,1262,Completed,2339.18
CLM004459,1407,Pending,664.24
CLM003716,1094,Pending,1311.69
CLM004711,1943,Pending,1176.6
CLM004624,1989,Completed,906.46
CLM002009,1042,Completed,2394.89
CLM001427,1761,Pending,4777.86
CLM002511,1846,Pending,3324.64
CLM000566,1035,Pending,4196.41
CLM004155,1457,Completed,4907.29
CLM003159,1128,In Review,2749.05
CLM001929,1518,In Review,1266.54
CLM000903,1043,Completed,4646.27
CLM002843,1060,In Review,3525.02
CLM002599,1537,Pending,4798.81
CLM000636,1362,In Review,3290.06
CLM003963,1874,Pending,3898.21
CLM002836,1120,Completed,4464.12
CLM002395,1496,Completed,3820.32
CLM000662,1157,Pending,2856.96
CLM002832,1256,Pending,2412.41
CLM003593,1574,In Review,4134.55
CLM003888,1270,Pending,3882.73
CLM004812,1958,Completed,1895.51
CLM003879,1310,Completed,2541.83
CLM000225,1312,In Review,3211.45
CLM003771,1116,Pending,239.01
CLM001952,1787,Pending,1313.09
CLM001932,1917,In Review,1326.05
CLM001937,1344,Completed,4427.83
CLM001962,1177,Pending,1724.29
CLM001713,1116,In Review,2771.2
CLM003827,1675,In Review,4174.77
CLM002572,1754,In Review,1372.5
CLM003508,1164,In Review,706.41
CLM002408,1173,Pending,4746.96
CLM001068,1630,In Review,3552.95
CLM001694,1748,Pending,967.56
CLM003989,1154,Completed,4116.59
CLM003792,1658,In Review,3956.92
CLM001754,1594,In Review,4203.95
CLM003320,1783,Completed,1453.44
CLM004164,1509,In Review,2298.04
CLM003383,1309,Pending,3499.0
CLM000709,1724,Completed,2014.27
CLM004351,1736,Completed,442.86
CLM000708,1233,Pending,768.6
CLM004046,1350,Pending,3025.86
CLM001121,1161,Completed,1938.32
CLM000093,1590,In Review,126.36
CLM004801,1690,Pending,3857.59
CLM001184,1291,Pending,2141.85
CLM000479,1126,Pending,1637.47
CLM002491,1692,Completed,3596.24
CLM002602,1601,In Review,2330.03
CLM003870,1093,Pending,3504.67
CLM000724,1445,Completed,164.67
CLM001200,1926,Completed,146.16
CLM003663,1088,In Review,2843.52
CLM001475,1387,Completed,4912.84
CLM002939,1779,Completed,1434.55
CLM003730,1248,Pending,3446.18
CLM003794,1180,Pending,944.06
CLM004989,1060,Pending,1626.59
CLM002319,1146,Completed,482.57
CLM001715,1630,In Review,4415.89
CLM003127,1695,In Review,1621.14
CLM002574,1776,In Review,1229.29
CLM003877,1280,Completed,3679.96
CLM000011,1565,Pending,1077.26
CLM003035,1111,Completed,1277.35
CLM003821,1686,Pending,607.72
CLM004373,1296,Completed,4818.07
CLM004810,1690,Completed,1313.42
CLM003483,1561,In Review,4978.75
CLM004961,1116,Completed,963.13
CLM001944,1902,In Review,201.19
CLM001267,1026,Completed,4488.9
CLM001238,1431,In Review,2942.08
CLM003883,1878,Completed,1821.91
CLM001563,1310,Completed,2615.36
CLM000696,1702,Pending,1377.56
CLM001847,1874,Pending,3210.32
CLM001806,1389,Pending,3120.7
CLM001234,1674,Completed,492.94
CLM003032,1927,Pending,4562.37
CLM004050,1461,Pending,2356.57
CLM000213,1005,Completed,1056.26
CLM003449,1702,Completed,1606.18
CLM002541,1529,Pending,4344.49
CLM004842,1158,Pending,1977.61
CLM002376,1307,Completed,2853.61
CLM002311,1655,Completed,4743.68
CLM000381,1951,In Review,3293.41
CLM002039,1194,In Review,3411.01
CLM001520,1478,Completed,1317.99
CLM001610,1229,Completed,3374.65
CLM002635,1505,Pending,2029.63
CLM000114,1701,In Review,4564.11
CLM000248,1336,Pending,734.74
CLM001000,1691,In Review,1499.64
CLM001631,1132,Pending,423.4
CLM003056,1948,In Review,1966.43
CLM000313,1719,Completed,827.03
CLM002115,1656,Completed,4241.2
CLM001356,1158,Completed,4632.71
CLM003367,1271,Pending,3380.19
CLM000791,1952,In Review,606.34
CLM001979,1532,Pending,1773.99
CLM000495,1680,Completed,4826.01
CLM004521,1294,In Review,767.88
CLM003259,1804,In Review,2826.8
CLM001827,1936,Pending,1829.35
CLM001829,1820,Completed,4995.9
CLM001626,1329,Pending,1498.41
CLM001269,1799,Pending,334.08
CLM004741,1280,Completed,3540.7
CLM002894,1436,Completed,1701.02
CLM000547,1063,Pending,3322.15
CLM001166,1928,In Review,612.79
CLM004704,1358,Completed,2663.01
CLM004142,1228,Completed,1938.63
CLM002079,1613,Completed,2730.16
CLM000978,1805,Completed,4282.01
CLM002417,1246,In Review,4866.46
CLM002754,1091,In Review,3790.35
CLM003997,1846,Pending,3857.61
CLM003530,1647,Pending,2691.79
CLM001892,1000,Completed,577.26
CLM003889,1969,Pending,3368.59
CLM001113,1314,In Review,824.12
CLM000328,1290,Completed,1303.74
CLM003072,1245,Completed,3567.15
CLM003643,1239,Completed,3319.26
CLM000822,1480,Pending,1640.2
CLM002080,1271,Completed,3883.02
CLM002696,1653,Completed,4702.65
CLM000663,1516,In Review,2771.77
CLM001335,1847,Completed,3420.66
CLM001151,1788,Pending,1431.72
CLM002427,1313,Completed,4856.95
CLM001038,1568,Pending,1441.15
CLM003570,1138,In Review,4448.3
CLM004217,1497,In Review,4646.56
CLM000509,1326,Completed,3626.18
CLM003982,1120,In Review,4076.78
CLM002252,1391,Completed,2343.5
CLM003763,1464,In Review,4605.78
CLM003322,1989,In Review,3738.97
CLM002656,1909,Pending,1701.05
CLM001315,1176,Pending,271.23
CLM001373,1363,Completed,2749.84
CLM004572,1497,Completed,4219.19
CLM001838,1160,Pending,4317.27
CLM002505,1663,In Review,4192.08
CLM004209,1966,Completed,1152.26
CLM001496,1549,In Review,2188.13
CLM003869,1334,Pending,3107.75
CLM001080,1049,In Review,3371.03
CLM001781,1746,In Review,1739.46
CLM000816,1088,Completed,3493.95
CLM000993,1575,In Review,2995.4
CLM000112,1892,Pending,2877.2
CLM002515,1720,In Review,3348.82
CLM004701,1224,Pending,3056.5
CLM002918,1385,Pending,917.69
CLM004186,1166,Completed,4384.64
CLM002292,1713,Pending,1278.79
CLM002893,1653,Pending,3748.0
CLM002182,1907,Completed,964.64
CLM002238,1336,Completed,3338.74
CLM003946,1589,Completed,4488.85
CLM000980,1434,Pending,147.58
CLM004799,1521,Completed,4900.42
CLM004527,1247,Pending,245.41
CLM003123,1043,Pending,155.7
CLM004058,1486,Pending,4302.04
CLM000799,1807,Completed,3572.65
CLM001078,1476,Pending,618.47
CLM004270,1108,Pending,4693.33
CLM003709,1699,Completed,3392.47
CLM004000,1069,Completed,644.11
CLM003197,1743,Pending,4316.71
CLM001749,1542,Pending,2456.43
CLM002061,1804,Pending,1462.86
CLM004243,1968,Completed,4142.7
CLM004029,1697,Completed,3718.39
CLM004407,1682,In Review,3152.91
CLM000135,1108,Completed,4502.71
CLM002246,1608,Pending,4320.27
CLM001606,1838,Completed,1211.28
CLM004120,1549,Completed,4405.56
CLM003479,1263,In Review,1932.8
CLM000076,1289,In Review,2215.69
CLM002339,1144,Pending,4864.43
CLM004635,1528,In Review,3823.38
CLM003031,1093,Pending,1675.28
CLM002840,1337,Pending,3274.84
CLM004272,1564,Pending,2742.69
CLM001505,1998,Pending,671.36
CLM000921,1910,In Review,4449.99
CLM001197,1831,Pending,4127.22
CLM004308,1620,Pending,3910.78
CLM000802,1568,Completed,2839.85
CLM000032,1659,Pending,1182.1
CLM003341,1060,Completed,4431.09
CLM002806,1536,In Review,1829.53
CLM002743,1077,Completed,198.58
CLM003333,1538,In Review,4910.69
CLM004002,1430,In Review,4319.67
CLM003866,1098,Completed,3151.13
CLM000818,1539,In Review,160.79
CLM003559,1645,In Review,1215.81
CLM000359,1808,In Review,2315.04
CLM000302,1314,Completed,3177.62
CLM000098,1222,In Review,3569.96
CLM001087,1845,Pending,3962.54
CLM000950,1188,Completed,2822.74
CLM002055,1975,Pending,3315.3
CLM002910,1304,Completed,4075.09
CLM002716,1875,Pending,3627.22
CLM000274,1355,In Review,4778.58
CLM003442,1772,Pending,4385.76
CLM004466,1479,Pending,929.87
CLM001146,1778,Pending,4742.35
CLM004239,1853,Completed,1100.46
CLM003338,1746,In Review,4957.19
CLM004118,1039,In Review,3536.51
CLM003711,1475,Pending,3174.9
CLM000352,1113,Pending,1689.18
CLM002520,1325,Completed,752.23
CLM001780,1678,Pending,718.25
CLM002192,1837,Pending,4346.22
CLM002695,1621,Pending,2218.97
CLM004510,1531,Completed,2843.27
CLM001972,1229,Pending,4666.0
CLM001663,1387,Pending,1351.24
CLM000158,1984,Pending,3843.29
CLM000690,1780,Completed,2405.28
CLM002822,1304,Completed,1142.5
CLM003548,1075,In Review,4279.56
CLM003291,1264,Completed,3431.75
CLM002440,1314,In Review,565.12
CLM002362,1627,In Review,2754.61
CLM003243,1514,Pending,4273.64
CLM000249,1991,In Review,427.98
CLM004894,1522,Pending,2139.75
CLM002426,1260,Completed,4045.55
CLM000514,1930,Completed,4305.95
CLM002937,1368,In Review,3899.28
CLM000125,1663,Pending,1597.98
CLM004630,1709,In Review,2583.95
CLM001074,1081,In Review,3732.26
CLM002557,1636,Completed,847.68
CLM002851,1229,In Review,3015.49
CLM003281,1645,Pending,3629.83
CLM001019,1597,Completed,4264.96
CLM002963,1297,Completed,647.19
CLM003226,1554,In Review,1715.41
CLM002667,1909,In Review,2754.1
CLM001525,1715,In Review,3535.18
CLM002007,1280,Pending,3677.18
CLM002310,1467,In Review,1340.97
CLM000175,1529,Pending,168.0
CLM003445,1407,In Review,3499.7
CLM001697,1702,In Review,4554.72
CLM002848,1974,Completed,4007.83
CLM003903,1222,Completed,3150.08
CLM003076,1873,Pending,4890.1
CLM000958,1768,In Review,2222.27
CLM003224,1014,Pending,2672.74
CLM000432,1693,Completed,160.21
CLM004826,1545,Completed,4735.16
CLM002676,1179,Completed,2958.4
CLM004692,1001,Completed,2014.92
CLM000446,1931,Pending,318.37
CLM004389,1150,In Review,1875.85
CLM004655,1919,Pending,117.63
CLM000227,1109,In Review,1689.24
CLM003636,1927,Completed,4762.13
CLM002021,1306,Pending,855.91
CLM002117,1813,In Review,2772.51
CLM000938,1396,In Review,1014.42
CLM001202,1864,Completed,3938.56
CLM001687,1617,In Review,2855.75
CLM001608,1766,In Review,1090.96
CLM002930,1013,Pending,4344.58
CLM000580,1272,Completed,3941.72
CLM002327,1377,Completed,4761.38
CLM003755,1655,In Review,103.08
CLM000255,1927,In Review,2339.87
CLM002727,1206,Completed,4999.22
CLM002781,1618,Completed,4074.82
CLM002375,1246,Completed,4173.3
CLM002048,1734,In Review,3143.55
CLM002236,1779,In Review,3593.21
CLM001601,1736,Completed,4046.1
CLM001581,1386,Completed,552.18
CLM000023,1074,In Review,3493.64
CLM003410,1948,In Review,4095.5
CLM003786,1042,In Review,300.24
CLM000554,1132,Pending,1555.56
CLM003646,1430,Completed,1687.66
CLM001029,1794,Pending,4287.45
CLM002243,1894,Pending,3923.72
CLM002961,1435,In Review,3316.47
CLM000664,1055,Completed,4043.14
CLM000768,1207,In Review,2321.81
CLM000889,1738,In Review,4386.91
CLM002119,1103,In Review,1247.66
CLM000469,1463,In Review,3552.43
CLM004437,1847,Completed,1284.58
CLM003309,1469,Completed,295.32
CLM000928,1579,In Review,1492.34
CLM002931,1249,Pending,2515.24
CLM002364,1991,In Review,4232.84
CLM000812,1602,Pending,2593.4
CLM001226,1782,Pending,977.84
CLM000159,1402,In Review,4964.55
CLM002826,1025,Completed,1423.36
CLM000306,1718,In Review,4927.94
CLM000276,1940,Completed,4688.04
CLM003941,1763,Pending,2757.96
CLM003354,1009,Completed,550.62
CLM000268,1609,Completed,3507.53
CLM003213,1613,Completed,4244.02
CLM004544,1496,In Review,2281.98
CLM001617,1409,Pending,1271.3
CLM004966,1135,Pending,4033.84
CLM001939,1847,Completed,2770.88
CLM000380,1220,Pending,1068.39
CLM002028,1543,Completed,4752.74
CLM000769,1276,Completed,4745.68
CLM004995,1095,Completed,1898.54
CLM003668,1812,Completed,413.62
CLM003166,1438,In Review,3190.86
CLM004645,1507,Completed,1654.41
CLM001675,1779,Pending,425.14
CLM001538,1687,In Review,4469.85
CLM001967,1614,Pending,4990.77
CLM000438,1186,In Review,1816.99
CLM002559,1841,Completed,3749.26
CLM004675,1837,In Review,422.28
CLM003105,1036,Pending,1911.56
CLM004856,1209,In Review,632.88
CLM001662,1879,In Review,371.21
CLM003013,1414,Completed,2985.08
CLM002144,1994,Completed,4029.95
CLM002094,1766,In Review,2319.55
CLM004202,1130,Completed,2668.48
CLM000946,1836,Completed,1426.58
CLM001307,1097,In Review,3708.3
CLM002765,1442,Pending,1869.26
CLM003288,1544,Completed,430.75
CLM001443,1035,In Review,910.99
CLM002904,1969,In Review,729.5
CLM001100,1748,In Review,2235.8
CLM000953,1514,Pending,419.54
CLM002976,1970,Pending,4051.77
CLM004082,1642,Pending,4549.23
CLM001793,1219,Completed,1317.13
CLM000147,1361,In Review,2479.0
CLM001301,1954,In Review,2643.41
CLM004458,1693,Pending,4926.51
CLM003725,1027,Completed,421.54
CLM002379,1904,Completed,3372.62
CLM000067,1537,In Review,1794.25
CLM004399,1668,Pending,2558.85
CLM000137,1521,In Review,1163.47
CLM001350,1922,Pending,885.19
CLM003137,1958,Pending,1293.47
CLM002177,1108,In Review,449.18
CLM003607,1829,Pending,1462.64
CLM002543,1607,Pending,3482.72
CLM000334,1657,Pending,3292.26
CLM001836,1180,Pending,2817.03
CLM003459,1209,Completed,101.9
CLM000821,1341,Pending,716.33
CLM004083,1656,Pending,4230.06
CLM004405,1048,Pending,1431.52
CLM000205,1472,In Review,4569.77
CLM000350,1665,Completed,4385.28
CLM002983,1772,Pending,859.14
CLM003831,1328,Pending,4500.95
CLM001825,1555,In Review,3176.39
CLM003294,1235,Completed,3188.41
CLM001182,1919,Completed,4278.13
CLM004362,1440,Completed,2084.77
CLM004356,1120,Pending,3702.79
CLM001082,1247,Completed,3372.05
CLM001531,1518,In Review,3880.42
CLM004732,1019,In Review,3334.93
CLM000862,1695,Pending,492.27
CLM002120,1502,Pending,1534.28
CLM001906,1363,Pending,4705.61
CLM001130,1488,Pending,1194.78
CLM001668,1199,In Review,2414.08
CLM001215,1765,Pending,1848.95
CLM000448,1402,Pending,522.86
CLM003061,1244,Pending,987.82
CLM003878,1482,Pending,1504.67
CLM003762,1575,In Review,2370.26
CLM003482,1810,Completed,4385.17
CLM003059,1811,Pending,2626.52
CLM003433,1664,In Review,3294.33
CLM000363,1016,Completed,2187.18
CLM004546,1038,In Review,4363.31
CLM001402,1664,Completed,3346.85
CLM001360,1866,In Review,544.09
CLM000365,1294,Pending,2439.76
CLM004512,1038,Completed,4153.45
CLM000626,1186,In Review,3694.91
CLM000713,1749,Pending,4536.02
CLM000940,1961,Pending,1215.57
CLM002812,1783,Completed,4888.14
CLM001328,1308,In Review,1496.88
CLM001108,1361,Pending,345.88
CLM003046,1461,In Review,2528.8
CLM001051,1668,Pending,640.66
CLM003256,1230,Pending,3438.42
CLM004174,1705,Pending,4512.73
CLM004739,1249,Completed,4614.58
CLM000560,1777,In Review,3074.48
CLM002163,1001,Completed,2722.8
CLM001664,1474,Completed,4970.56
CLM001783,1652,Completed,2939.19
CLM003152,1181,Completed,4644.55
CLM003950,1001,Completed,4591.32
CLM002349,1169,Pending,1518.62
CLM002798,1269,Pending,167.38
CLM004564,1976,Pending,2251.93
CLM000884,1306,Completed,4320.71
CLM001678,1875,Pending,4197.06
CLM004702,1048,Pending,3057.98
CLM004123,1421,Pending,867.63
CLM000030,1995,Completed,627.18
CLM004620,1929,In Review,4777.94
CLM003953,1284,In Review,2164.85
CLM000828,1878,Pending,3275.99
CLM003788,1379,Completed,4538.74
CLM001845,1831,In Review,4362.48
CLM003511,1790,Pending,2877.83
CLM003777,1790,Completed,2490.74
CLM000957,1503,In Review,3702.77
CLM000382,1783,In Review,1813.26
CLM002459,1555,Completed,3164.41
CLM003343,1571,In Review,213.45
CLM003143,1198,Pending,4139.13
CLM002827,1108,Pending,4990.36
CLM000358,1064,Completed,4778.06
CLM002138,1914,Completed,1863.48
CLM000826,1684,Pending,2702.4
CLM004945,1352,Completed,1257.46
CLM002569,1097,In Review,1584.64
CLM004427,1128,In Review,2341.0
CLM002808,1267,In Review,3760.7
CLM001233,1408,In Review,187.62
CLM000494,1086,Completed,2029.49
CLM003016,1600,In Review,2826.83
CLM000540,1990,Completed,1154.4
CLM002953,1855,Pending,484.55
CLM001424,1393,In Review,2743.91
CLM002767,1449,Completed,3225.27
CLM001322,1928,Pending,3240.91
CLM001212,1740,In Review,1847.26
CLM003944,1470,In Review,1263.07
CLM001156,1641,In Review,1179.89
CLM004965,1643,Completed,298.57
CLM000415,1918,Completed,1004.95
CLM003807,1764,Pending,4111.17
CLM001891,1109,In Review,114.95
CLM004672,1808,Pending,315.05
CLM004062,1293,Completed,722.39
CLM000202,1214,In Review,2159.18
CLM002564,1311,Pending,1735.32
CLM001591,1203,In Review,971.4
CLM002679,1427,Completed,643.65
CLM003501,1959,Pending,4700.43
CLM000106,1535,In Review,4565.13
CLM002258,1092,In Review,3882.3
CLM000138,1680,In Review,1334.91
CLM000557,1027,Pending,1686.12
CLM002436,1317,Completed,3362.64
CLM004768,1398,Completed,1529.32
CLM004450,1701,Pending,2700.05
CLM004408,1265,In Review,3291.29
CLM004192,1895,Pending,2644.06
CLM003093,1993,Pending,2125.1
CLM003561,1284,Completed,1804.68
CLM004110,1926,Pending,3910.97
CLM001244,1062,In Review,3721.1
CLM003799,1598,Completed,3511.52
CLM000844,1913,Completed,1935.92
CLM004496,1518,In Review,3901.11
CLM003218,1666,Pending,4792.75
CLM000997,1904,Completed,3476.0
CLM001647,1019,Pending,2098.71
CLM004919,1763,In Review,4002.76
CLM002230,1884,Completed,3085.58
CLM000808,1980,In Review,4400.62
CLM001928,1347,Completed,3594.59
CLM001302,1049,In Review,3872.61
CLM000857,1188,Pending,3370.44
CLM002374,1066,In Review,550.9
CLM002597,1364,In Review,2477.07
CLM001805,1201,In Review,376.8
CLM002540,1912,In Review,2292.99
CLM001034,1098,In Review,3610.49
CLM000397,1660,Pending,2164.15
CLM002984,1968,Pending,107.99
CLM002896,1976,Completed,1909.5
CLM002719,1159,In Review,432.02
CLM001771,1815,Pending,3924.92
CLM003803,1677,In Review,3940.38
CLM000408,1027,In Review,4051.26
CLM002129,1465,Completed,248.6
CLM000621,1699,In Review,258.12
CLM001500,1837,Pending,4526.9
CLM002390,1825,Completed,706.05
CLM002712,1197,Completed,3383.44
CLM004358,1208,Completed,3997.73
CLM001131,1436,In Review,2294.53
CLM003493,1265,Completed,2777.71
CLM000833,1769,Pending,1214.17
CLM001721,1992,Pending,4625.64
CLM000272,1490,Completed,1578.83
CLM001869,1408,Completed,1167.27
CLM000478,1933,Completed,2674.48
CLM004509,1256,In Review,1033.52
CLM001306,1335,Completed,3464.79
CLM004364,1857,Completed,2624.07
CLM001098,1232,In Review,824.24
CLM002988,1715,Completed,429.51
CLM001094,1072,Completed,771.07
CLM004386,1012,Pending,769.46
CLM004694,1582,Pending,1632.97
CLM004426,1504,Pending,4183.03
CLM001919,1000,In Review,380.74
CLM003920,1158,Pending,727.64
CLM001767,1508,Pending,1584.21
CLM000902,1482,Completed,2811.33
CLM001822,1215,In Review,3838.13
CLM002799,1194,Completed,4613.84
CLM000531,1311,Completed,2119.23
CLM003769,1402,In Review,618.59
CLM002522,1003,In Review,1146.23
CLM004032,1764,Completed,1507.51
CLM003743,1795,Completed,3951.88
CLM002585,1811,Completed,3464.55
CLM004063,1541,In Review,1124.13
CLM002239,1803,Completed,4209.85
CLM003859,1948,Completed,4309.86
CLM002626,1105,Pending,4423.95
CLM003542,1121,Pending,1447.52
CLM003778,1954,Pending,755.28
CLM004480,1707,Pending,609.39
CLM001683,1982,Pending,2060.43
CLM002296,1714,Completed,2203.69
CLM004477,1771,Completed,4354.23
CLM002169,1266,In Review,1412.0
CLM001733,1240,In Review,3171.77
CLM000242,1052,In Review,3962.24
CLM000178,1123,Completed,1418.85
CLM002987,1087,Pending,1408.98
CLM001382,1309,Completed,3378.86
CLM004201,1755,Completed,3658.07
CLM002834,1851,In Review,4802.84
CLM003768,1556,In Review,4264.71
CLM001833,1912,In Review,4128.05
CLM000757,1575,In Review,3492.34
CLM004608,1697,Completed,680.58
CLM003736,1012,In Review,4065.28
CLM000960,1208,Pending,4683.08
CLM003538,1434,Completed,2014.52
CLM001959,1051,Pending,1636.94
CLM003099,1910,Completed,2660.16
CLM000002,1899,Completed,4786.63
CLM003699,1849,In Review,349.08
CLM004213,1106,Pending,3573.52
CLM002809,1520,Completed,4091.87
CLM004953,1623,Pending,3964.87
CLM002800,1119,Completed,2877.19
CLM004007,1066,Completed,4610.76
CLM003834,1986,Completed,759.17
CLM000419,1081,Pending,1301.24
CLM001874,1976,Completed,1604.09
CLM002878,1713,Pending,142.52
CLM001185,1696,Pending,1916.28
CLM002447,1868,In Review,887.23
CLM000891,1887,Pending,3650.67
CLM004075,1668,Completed,2133.27
CLM002934,1942,Completed,3551.85
CLM000600,1627,Completed,1538.9
CLM000136,1113,Completed,746.4
CLM000707,1644,Pending,746.75
CLM002322,1759,In Review,1095.99
CLM002351,1622,Pending,664.56
CLM004446,1453,Completed,1180.68
CLM001711,1959,Pending,2937.27
CLM001224,1231,In Review,1356.05
CLM004133,1570,In Review,1780.44
CLM000999,1802,In Review,358.4
CLM002470,1772,In Review,4471.82
CLM001982,1561,In Review,776.99
CLM000797,1315,Pending,1808.46
CLM001245,1782,In Review,1959.45
CLM004424,1474,In Review,3883.42
CLM003887,1875,Completed,2469.36
CLM003136,1370,In Review,1976.49
CLM003796,1614,Pending,3509.79
CLM003706,1992,Completed,3025.37
CLM001918,1663,Pending,482.86
CLM002180,1532,Completed,1632.23
CLM001714,1257,In Review,4895.18
CLM000325,1722,Pending,2468.34
CLM001040,1428,Completed,2178.55
CLM003077,1499,Pending,834.61
CLM004494,1593,Completed,4211.44
CLM000292,1009,In Review,753.21
CLM002057,1940,Pending,614.91
CLM004497,1676,Pending,2251.1
CLM004074,1662,Pending,2239.57
CLM000706,1684,In Review,4909.2
CLM001457,1424,In Review,724.91
CLM000852,1576,Completed,2470.75
CLM003832,1761,Pending,1086.1
CLM003839,1511,Completed,3538.64
CLM000949,1316,Completed,2019.27
CLM000263,1629,In Review,3277.49
CLM003176,1133,Pending,1758.21
CLM002864,1960,In Review,2866.28
CLM002636,1017,Pending,2398.77
CLM001176,1346,Completed,1934.39
CLM002121,1367,In Review,2733.87
CLM000465,1766,In Review,1980.61
CLM002141,1167,Pending,4049.49
CLM002032,1933,Completed,2526.66
CLM000752,1940,In Review,4525.32
CLM004078,1016,Completed,1191.74
CLM001198,1985,In Review,649.41
CLM000555,1908,In Review,1966.74
CLM000632,1521,In Review,999.93
CLM003413,1506,Completed,2026.29
CLM000838,1741,Completed,1116.31
CLM002772,1473,Completed,4354.26
CLM003727,1542,Completed,2882.73
CLM002779,1726,Completed,2538.19
CLM000654,1305,Completed,3959.95
CLM000130,1378,Completed,738.8
CLM004982,1339,Pending,4299.37
CLM003241,1150,Completed,2468.19
CLM002629,1044,Completed,768.52
CLM000199,1986,Pending,4115.12
CLM001508,1206,Pending,2357.8
CLM004761,1421,Completed,3062.54
CLM002560,1138,Completed,4478.68
CLM004166,1391,Completed,4464.39
CLM003837,1845,Pending,4474.81
CLM002595,1383,In Review,2142.9
CLM000316,1780,In Review,3773.07
CLM001547,1725,In Review,1243.03
CLM003390,1673,In Review,4172.77
CLM001686,1448,In Review,1774.44
CLM004861,1868,Completed,2373.17
CLM003802,1991,In Review,4467.82
CLM001693,1202,Completed,4048.13
CLM001265,1009,Pending,4767.3
CLM002428,1349,Pending,1881.02
CLM003617,1075,In Review,840.32
CLM004666,1745,Pending,4561.01
CLM002610,1744,Completed,2516.46
CLM004034,1737,In Review,4458.06
CLM003595,1886,In Review,3687.16
CLM001506,1216,Completed,4386.53
CLM004915,1291,Completed,3308.14
CLM002761,1003,Completed,4080.62
CLM000353,1377,In Review,689.65
CLM003289,1660,Pending,4844.64
CLM002802,1892,Pending,986.8
CLM000167,1700,Pending,220.06
CLM001519,1605,Pending,2700.96
CLM003700,1037,In Review,3588.37
CLM003800,1587,Completed,3610.45
CLM003818,1294,Pending,1762.24
CLM002784,1088,In Review,3793.78
CLM002494,1821,In Review,4228.54
CLM003929,1829,Pending,3089.06
CLM002666,1274,Completed,1991.36
CLM001570,1513,Completed,3106.52
CLM002328,1149,In Review,4324.93
CLM002942,1605,Completed,4512.31
CLM000850,1312,In Review,254.43
CLM001298,1099,Completed,699.75
CLM004602,1258,Pending,122.12
CLM001605,1278,Completed,2512.97
CLM002116,1003,Pending,2238.32
CLM001646,1411,Pending,2774.43
CLM004657,1589,In Review,3449.87
CLM002244,1709,Pending,1892.34
CLM002753,1325,In Review,1122.03
CLM000497,1936,Pending,2034.62
CLM004720,1676,Pending,144.15
CLM001552,1518,Pending,4164.29
CLM003431,1972,Completed,1980.26
CLM003614,1000,Completed,3151.66
CLM000951,1599,Pending,1691.16
CLM002290,1417,In Review,3112.58
CLM002700,1179,Pending,2748.13
CLM002400,1009,In Review,1121.94
CLM001138,1374,Pending,3164.09
CLM000087,1955,Pending,637.15
CLM003344,1645,In Review,2457.32
CLM004918,1451,In Review,3627.4
CLM002399,1967,Completed,2790.41
CLM003075,1109,In Review,3756.73
CLM001764,1124,Pending,1438.5
CLM000077,1431,In Review,339.21
CLM000668,1718,Completed,374.25
CLM002031,1300,Pending,1416.75
CLM002884,1651,Pending,2097.57
CLM002369,1102,Pending,2733.78
CLM000784,1622,In Review,3812.54
CLM003269,1069,Pending,4214.09
CLM000856,1884,Pending,3499.04
CLM001134,1916,In Review,2369.72
CLM004947,1109,Pending,1395.99
CLM003194,1223,In Review,2196.23
CLM004418,1223,In Review,1439.64
CLM001076,1730,Completed,3159.87
CLM004181,1750,Pending,4109.21
CLM002041,1630,In Review,2639.12
CLM001448,1842,Completed,324.61
CLM002502,1213,In Review,4704.77
CLM002171,1547,Pending,1541.99
CLM002305,1342,Completed,4581.1
CLM004085,1356,In Review,4084.03
CLM004298,1790,Completed,2124.31
CLM004682,1438,Pending,377.85
CLM003203,1255,In Review,4743.75
CLM004696,1666,Pending,3329.36
CLM001159,1481,In Review,1323.3
CLM000250,1403,Completed,2714.33
CLM000539,1782,Pending,3213.32
CLM004035,1041,Completed,1210.63
CLM003015,1387,In Review,558.35
CLM004445,1028,In Review,1410.58
CLM003073,1694,Pending,333.25
CLM003149,1999,Pending,442.93
CLM004392,1202,In Review,867.27
CLM003089,1560,Completed,876.19
CLM003174,1326,In Review,1314.96
CLM003230,1842,Completed,4693.4
CLM002759,1053,Pending,2921.52
CLM000483,1489,Completed,2170.28
CLM003933,1416,In Review,2862.62
CLM000285,1733,Completed,127.99
CLM004603,1863,Pending,4484.26
CLM002214,1359,Completed,2708.33
CLM004830,1548,In Review,2313.09
CLM002715,1204,In Review,4713.85
CLM001227,1902,Completed,3679.0
CLM000572,1279,In Review,1753.36
CLM002198,1054,Pending,4687.17
CLM004444,1906,Completed,4274.79
CLM002811,1222,Completed,4777.22
CLM003284,1107,Completed,571.5
CLM001347,1717,In Review,4780.9
CLM000065,1683,Completed,2760.13
CLM001283,1601,Completed,3393.85
CLM002320,1508,Completed,1139.97
CLM001688,1960,Completed,787.97
CLM003052,1005,Pending,489.0
CLM000559,1506,In Review,2169.33
CLM001216,1798,Pending,1184.61
CLM003536,1170,Completed,499.95
CLM004265,1874,In Review,4779.82
CLM001169,1267,Completed,3693.62
CLM001119,1192,Pending,2637.49
CLM000437,1755,Completed,3742.4
CLM004571,1179,Pending,3096.15
CLM001565,1759,Pending,972.36
CLM004791,1069,In Review,3203.84
CLM004609,1732,Completed,3436.96
CLM003274,1029,Completed,1263.61
CLM000488,1118,Completed,1668.71
CLM004733,1716,In Review,1978.17
CLM001422,1509,Pending,3052.48
CLM001718,1733,In Review,721.36
CLM000548,1459,In Review,3743.04
CLM001449,1637,Pending,1795.52
CLM001394,1457,Completed,3489.69
CLM002590,1566,Pending,4671.15
CLM001412,1038,Pending,4362.39
CLM000383,1969,Pending,3714.15
CLM003596,1849,Completed,1047.3
CLM002384,1261,Pending,3687.16
CLM002279,1183,In Review,3215.37
CLM003741,1519,Pending,3885.48
CLM003057,1979,Pending,4357.19
CLM001676,1822,In Review,1626.23
CLM004419,1872,Completed,3257.09
CLM001816,1527,In Review,1448.18
CLM002944,1887,Completed,1796.8
CLM003845,1385,Completed,2651.16
CLM004874,1575,Completed,2227.4
CLM003039,1252,Completed,3043.09
CLM000197,1010,In Review,3817.93
CLM002751,1599,Completed,3064.6
CLM003568,1210,In Review,4852.02
CLM001545,1515,Pending,3716.79
CLM000039,1642,In Review,4926.56
CLM000010,1782,Pending,3742.86
CLM001823,1359,In Review,2588.8
CLM001692,1067,Pending,2113.93
CLM000018,1426,In Review,3704.74
CLM002619,1848,In Review,3466.91
CLM004056,1008,In Review,3376.95
CLM001685,1536,In Review,3636.74
CLM000273,1576,Pending,4373.64
CLM003738,1615,Completed,1216.03
CLM001720,1065,In Review,2867.98
CLM000780,1694,Pending,3056.18
CLM000508,1172,In Review,1535.0
CLM001425,1800,Completed,4940.95
CLM001946,1021,Pending,3949.14
CLM002209,1041,Pending,1674.2
CLM000731,1203,Pending,1856.33
CLM003533,1154,In Review,3619.46
CLM002029,1522,In Review,156.32
CLM003342,1809,Completed,2373.8
CLM001999,1461,Completed,1781.24
CLM001518,1077,In Review,4284.61
CLM002791,1103,In Review,3977.35
CLM000031,1277,Pending,1727.27
CLM001703,1648,In Review,4337.51
CLM003862,1718,Pending,4576.64
CLM001814,1762,Completed,2807.05
CLM001817,1736,In Review,880.26
CLM000714,1056,Completed,3874.61
CLM003591,1338,In Review,1664.79
CLM001103,1798,In Review,2683.68
CLM001831,1273,Pending,323.38
CLM004872,1907,In Review,2550.44
CLM000991,1679,Completed,1963.3
CLM003001,1889,In Review,3461.72
CLM000308,1868,Completed,299.84
CLM003177,1684,In Review,3162.23
CLM001163,1432,Completed,3882.58
CLM001365,1896,Completed,162.61
CLM003916,1609,Completed,3774.82
CLM000920,1390,In Review,738.0
CLM000596,1897,Pending,3520.47
CLM000887,1888,Completed,2330.85
CLM000583,1341,Completed,2804.76
CLM003931,1259,Pending,1753.0
CLM003325,1684,Completed,1302.79
CLM000177,1173,Completed,448.13
CLM002633,1723,In Review,4336.98
CLM002736,1194,Pending,3091.1
CLM002020,1776,Completed,4915.72
CLM004190,1977,In Review,4267.21
CLM000155,1440,In Review,4361.2
CLM002558,1271,In Review,3029.46
CLM002720,1306,In Review,496.62
CLM002601,1307,Pending,4575.64
CLM002861,1648,Pending,677.64
CLM001330,1594,In Review,2634.02
CLM004472,1901,Pending,4298.59
CLM002042,1555,In Review,2414.8
CLM000937,1206,Completed,911.78
CLM000097,1116,Completed,1928.66
CLM001716,1901,In Review,4943.1
CLM004193,1004,Completed,4998.82
CLM001888,1732,In Review,3583.09
CLM000866,1941,Completed,4451.16
CLM004011,1794,Completed,316.61
CLM004357,1498,Pending,1452.26
CLM001170,1625,In Review,1907.9
CLM002336,1761,Pending,158.79
CLM003600,1300,In Review,1947.11
CLM004882,1424,Completed,555.85
CLM004943,1089,In Review,2635.31
CLM003277,1027,In Review,121.65
CLM000701,1949,In Review,1425.2
CLM000048,1543,In Review,4344.79
CLM004486,1216,Completed,1143.98
CLM004465,1820,Completed,417.73
CLM004834,1070,Pending,1323.68
CLM002137,1763,In Review,4155.04
CLM003434,1029,Pending,2977.22
CLM001456,1255,Completed,2971.76
CLM001727,1820,Completed,102.81
CLM002075,1670,In Review,2413.54
CLM001262,1395,In Review,1401.53
CLM001857,1520,Pending,1747.42
CLM001214,1993,Completed,3033.56
CLM003572,1322,Pending,4384.26
CLM002372,1932,Completed,990.12
CLM004380,1369,Completed,3864.29
CLM002168,1155,Pending,339.62
CLM000311,1213,Completed,1700.97
CLM001093,1665,Completed,1172.67
CLM001263,1082,Pending,4586.36
CLM003690,1404,Completed,972.19
CLM001439,1612,Pending,2935.3
CLM001058,1009,In Review,907.44
CLM000538,1847,Completed,2420.07
CLM001025,1279,Pending,2125.66
CLM003502,1280,Completed,302.65
CLM000589,1691,Completed,4146.75
CLM000145,1089,Pending,3922.55
CLM002550,1128,In Review,1461.51
CLM002519,1308,Pending,3108.58
CLM000490,1963,Completed,1877.08
CLM000391,1484,In Review,3869.21
CLM003972,1106,In Review,3493.17
CLM004349,1973,Completed,543.29
CLM000141,1504,Pending,4236.52
CLM004643,1791,Pending,979.19
CLM000020,1282,Completed,953.14
CLM003932,1106,Pending,3695.36
CLM002345,1154,Pending,997.93
CLM002948,1855,Pending,699.75
CLM000861,1231,In Review,1744.36
CLM004055,1448,In Review,4209.69
CLM002662,1379,Pending,966.36
CLM002507,1806,Completed,1761.46
CLM003455,1332,Completed,1502.64
CLM004129,1595,Completed,1844.7
CLM004864,1869,Completed,3599.93
CLM000333,1931,Pending,2086.78
CLM002153,1075,Pending,3821.93
CLM004726,1964,Completed,3237.98
CLM000126,1260,Pending,1869.39
CLM002589,1336,Completed,2217.98
CLM000524,1229,Completed,3547.75
CLM003665,1905,In Review,2720.3
CLM002724,1783,Completed,4354.87
CLM003336,1983,In Review,4672.6
CLM000298,1220,Completed,3616.77
CLM000733,1692,Pending,4947.11
CLM004925,1397,In Review,3023.03
CLM000702,1713,Pending,295.17
CLM002941,1796,Completed,2573.78
CLM001041,1411,In Review,1227.05
CLM000064,1629,Completed,1735.19
CLM000639,1628,Completed,2501.34
CLM001708,1400,Pending,1545.75
CLM002683,1708,In Review,1617.15
CLM002818,1705,Pending,2069.88
CLM000842,1803,Pending,1503.64
CLM004323,1497,In Review,930.55
CLM004331,1615,Pending,3851.25
CLM000764,1173,Completed,2036.54
CLM000283,1300,In Review,4175.61
CLM004467,1102,In Review,4425.31
CLM003415,1520,In Review,3779.72
CLM002503,1163,In Review,2043.7
CLM002615,1004,In Review,3634.48
CLM001620,1846,In Review,860.58
CLM001841,1840,Completed,3339.47
CLM001551,1600,In Review,2089.56
CLM000111,1177,Pending,3312.66
CLM004728,1795,Pending,3798.47
CLM002902,1026,Pending,2857.16
CLM000552,1877,In Review,3248.15
CLM000026,1686,Pending,1146.29
CLM003948,1160,Completed,3004.23
CLM004009,1114,Pending,2356.32
CLM002490,1377,In Review,2197.46
CLM004266,1096,Completed,2110.55
CLM001632,1677,Completed,1623.53
CLM002721,1135,Completed,1596.14
CLM002523,1387,Pending,3528.56
CLM000877,1879,Pending,2833.22
CLM003872,1163,In Review,246.77
CLM002142,1874,Completed,337.77
CLM000593,1414,In Review,2893.58
CLM001638,1713,In Review,4246.79
CLM000832,1944,In Review,315.49
CLM000987,1680,Completed,2585.31
CLM001196,1135,Completed,4270.56
CLM004368,1157,In Review,121.8
CLM004785,1397,Completed,1451.39
CLM001042,1812,Pending,4607.61
CLM001875,1738,Completed,499.2
CLM000377,1365,Pending,3074.28
CLM004646,1301,Completed,2586.17
CLM000105,1962,In Review,843.23
CLM003783,1348,In Review,308.19
CLM004735,1783,Pending,2562.68
CLM000291,1393,Pending,3702.14
CLM000481,1323,Completed,968.49
CLM002690,1947,Pending,3487.47
CLM000896,1049,In Review,2777.28
CLM001011,1323,Completed,1853.45
CLM000683,1513,Pending,3355.71
CLM004857,1842,In Review,1040.69
CLM004807,1462,In Review,2338.96
CLM000260,1074,Completed,2791.59
CLM003653,1758,Completed,2347.61
CLM004804,1500,Completed,2047.76
CLM001341,1726,Completed,3730.48
CLM004825,1741,Pending,3314.89
CLM001541,1753,Completed,3233.36
CLM003850,1989,Pending,4469.82
CLM001317,1187,In Review,4968.15
CLM001340,1945,Completed,2879.3
CLM004959,1128,Completed,1806.51
CLM001371,1492,Completed,3916.49
CLM000803,1096,Completed,796.29
CLM001828,1364,Completed,2613.25
CLM003156,1500,Completed,2670.09
CLM003087,1164,Completed,4918.99
CLM004326,1918,Pending,4955.93
CLM002300,1176,Completed,4016.15
CLM004584,1628,Completed,2417.78
CLM004721,1721,Completed,2781.41
CLM000192,1969,Pending,1666.73
CLM001866,1959,Completed,4166.24
CLM000223,1272,Completed,3758.08
CLM004725,1326,In Review,3879.98
CLM001933,1398,Completed,779.51
CLM002789,1562,In Review,2053.31
CLM000442,1410,In Review,2733.02
CLM001586,1776,Completed,710.82
CLM000853,1063,Completed,1906.25
CLM003010,1446,Completed,528.42
CLM002014,1340,In Review,4798.32
CLM000801,1948,Pending,3781.19
CLM002199,1228,Pending,3141.67
CLM004617,1504,Completed,1103.8
CLM002453,1860,Completed,1737.22
CLM003810,1809,In Review,807.98
CLM003962,1748,In Review,2726.99
CLM003480,1736,Pending,4120.53
CLM004758,1628,In Review,193.28
CLM003638,1249,Pending,606.21
CLM003688,1069,Completed,1223.81
CLM001507,1511,Pending,3598.93
CLM002908,1344,Pending,4480.5
CLM001396,1546,Completed,3789.76
CLM004585,1272,Pending,2672.24
CLM002588,1555,In Review,615.05
CLM003331,1986,In Review,3799.08
CLM004295,1938,Completed,617.63
CLM001255,1871,Completed,1803.68
CLM003271,1344,In Review,1609.16
CLM000468,1459,In Review,1860.19
CLM001639,1106,In Review,1714.69
CLM003779,1885,In Review,3868.98
CLM001222,1740,Pending,941.45
CLM000327,1763,In Review,4244.65
CLM001886,1487,Completed,4305.48
CLM003260,1043,Completed,2505.54
CLM002758,1501,In Review,620.13
CLM003697,1933,Pending,2919.5
CLM002066,1424,In Review,4122.56
CLM002968,1920,In Review,1518.42
CLM003610,1048,Completed,4204.96
CLM004423,1059,Completed,3416.9
CLM001459,1257,Pending,4937.51
CLM000337,1576,Pending,4141.09
CLM001812,1113,Pending,1087.35
CLM004566,1770,Completed,2300.12
CLM002992,1348,Pending,607.19
CLM002213,1397,In Review,441.39
CLM002208,1940,In Review,3559.67
CLM004348,1673,Completed,4573.37
CLM002256,1469,In Review,4870.52
CLM001635,1675,Pending,1425.29
CLM003085,1014,In Review,1088.68
CLM000917,1548,Pending,2845.08
CLM003584,1137,Pending,1084.21
CLM003170,1264,Pending,1549.94
CLM003211,1817,In Review,4202.41
CLM003751,1930,Completed,4071.27
CLM002637,1557,Pending,4485.86
CLM003496,1617,In Review,2462.99
CLM001671,1080,Completed,2864.02
CLM004102,1302,In Review,3875.89
CLM000069,1273,Completed,1272.4
CLM000623,1112,In Review,4133.16
CLM002760,1408,Pending,186.03
CLM004633,1930,In Review,4008.53
CLM003900,1719,Completed,3901.95
CLM002062,1818,Pending,1578.72
CLM003539,1364,Pending,3666.77
CLM000050,1240,In Review,1148.57
CLM001934,1088,Pending,2923.54
CLM001916,1694,Completed,3532.88
CLM004200,1271,Pending,3602.02
CLM001426,1254,Completed,4916.38
CLM001758,1488,Completed,991.83
CLM002950,1855,Completed,2455.91
CLM004025,1244,Pending,4412.51
CLM003563,1779,Pending,2851.41
CLM001232,1098,In Review,4394.31
CLM001653,1570,Completed,2226.89
CLM003070,1072,Completed,3997.22
CLM004795,1623,In Review,4363.24
CLM000201,1676,In Review,4247.55
CLM001039,1287,Completed,4369.69
CLM003820,1952,Completed,1175.82
CLM004044,1210,In Review,2251.02
CLM000117,1533,Pending,955.4
CLM001137,1940,In Review,984.65
CLM004313,1865,Completed,2490.35
CLM001498,1082,Completed,4804.43
CLM000307,1241,Pending,3000.37
CLM004260,1011,Completed,4283.84
CLM003014,1977,Completed,4692.2
CLM000551,1516,In Review,524.22
CLM002174,1793,Pending,894.11
CLM000860,1115,In Review,1525.12
CLM004686,1346,Pending,3122.21
CLM000794,1019,Completed,402.47
CLM000267,1700,In Review,3954.61
CLM004441,1135,In Review,412.56
CLM000331,1445,In Review,876.32
CLM004141,1437,Pending,1970.37
CLM004535,1847,Completed,2832.83
CLM001160,1569,Completed,4419.37
CLM000629,1961,Pending,4822.28
CLM000689,1172,In Review,4434.75
CLM004240,1704,Completed,624.52
CLM003560,1516,Completed,3193.02
CLM000066,1158,In Review,2264.4
CLM003912,1790,Pending,716.38
CLM002210,1404,Completed,2820.05
CLM002158,1511,In Review,1847.63
CLM004167,1651,In Review,1794.36
CLM000160,1003,In Review,562.78
CLM003244,1804,Pending,4896.38
CLM000846,1586,Completed,3657.2
CLM004369,1745,Pending,1473.64
CLM002344,1103,Pending,4595.63
CLM001837,1372,In Review,4745.63
CLM000504,1648,In Review,4070.84
CLM004241,1281,In Review,3330.64
CLM001210,1742,Pending,1944.25
CLM004548,1282,Completed,2228.3
CLM002418,1476,In Review,2329.56
CLM003702,1749,Completed,4748.94
CLM001801,1234,Completed,3824.66
CLM002215,1701,Completed,1530.87
CLM001819,1177,In Review,3160.74
CLM001353,1856,Completed,3010.11
CLM000746,1337,Pending,4079.42
CLM000109,1501,Pending,567.01
CLM003683,1221,Pending,3536.23
CLM001943,1455,In Review,1722.73
CLM004519,1897,Pending,735.2
CLM000119,1725,Completed,3685.69
CLM004652,1724,In Review,1725.07
CLM002982,1894,In Review,3677.61
CLM000520,1358,Completed,895.94
CLM004936,1409,Pending,4931.05
CLM001118,1604,Completed,4036.7
CLM001762,1964,Completed,1516.84
CLM003042,1557,In Review,3728.57
CLM002537,1461,Pending,765.42
CLM001794,1766,Pending,3301.84
CLM003050,1190,Pending,392.22
CLM003947,1994,Completed,1733.6
CLM003662,1837,In Review,4894.47
CLM001572,1918,In Review,692.51
CLM001381,1144,In Review,3027.38
CLM002483,1343,Pending,445.97
CLM004667,1615,Pending,3380.07
CLM002220,1575,In Review,1465.44
CLM003975,1156,Completed,1618.88
CLM002512,1307,In Review,1755.23
CLM002528,1893,Completed,1105.27
CLM004511,1861,In Review,4714.12
CLM004859,1127,Completed,4538.58
CLM000410,1023,In Review,4363.07
CLM002735,1930,Pending,621.58
CLM000472,1124,Pending,1243.88
CLM003183,1174,Pending,3099.91
CLM003858,1100,Pending,4854.82
CLM003189,1050,In Review,3063.61
CLM004322,1257,Pending,1702.8
CLM003826,1660,Completed,4105.28
CLM000367,1167,Completed,763.61
CLM003659,1104,Pending,4420.54
CLM001917,1580,Pending,4875.92
CLM004606,1034,Pending,4841.5
CLM000575,1427,In Review,823.71
CLM004461,1674,Completed,2793.08
CLM004967,1338,Completed,2966.1
CLM000289,1719,Completed,1055.1
CLM000482,1152,In Review,2779.21
CLM004837,1505,In Review,3268.03
CLM002732,1079,Completed,1711.91
CLM003357,1030,Completed,1646.84
CLM003898,1224,Completed,395.17
CLM004678,1766,Pending,4788.45
CLM003842,1208,In Review,4037.72
CLM003363,1980,Completed,3821.3
CLM002187,1179,Pending,206.72
CLM001599,1418,Completed,3159.11
CLM003406,1496,Completed,985.08
CLM000919,1918,In Review,3342.42
CLM004014,1304,Completed,3143.66
CLM002803,1655,In Review,4274.43
CLM001206,1741,In Review,1351.63
CLM003055,1313,Completed,234.56
CLM004948,1817,Pending,4579.14
CLM001354,1333,Completed,4552.32
CLM004526,1063,Completed,2333.71
CLM003414,1307,Completed,482.63
CLM002152,1039,Pending,2540.05
CLM002849,1242,In Review,2667.67
CLM003403,1360,Pending,4126.45
CLM004542,1244,Pending,3613.8
CLM003303,1821,Completed,446.94
CLM004778,1881,Completed,3556.15
CLM004993,1608,Pending,765.12
CLM004625,1980,In Review,538.41
CLM002866,1144,In Review,2053.17
CLM001966,1899,Completed,479.08
CLM002321,1975,In Review,4163.42
CLM001463,1567,In Review,2369.33
CLM002346,1029,In Review,2976.32
CLM000131,1619,Pending,2926.64
CLM001162,1929,Pending,4892.74
CLM001564,1725,Completed,4587.33
CLM001035,1427,In Review,4260.73
CLM000699,1732,Completed,1978.02
CLM001725,1381,Pending,810.99
CLM000859,1452,Completed,3000.15
CLM001649,1960,Pending,2257.55
CLM003207,1615,Pending,1205.08
CLM000484,1180,Completed,578.69
CLM000344,1984,In Review,2236.86
CLM000754,1497,Completed,3289.25
CLM002914,1638,In Review,3164.41
CLM002479,1197,Completed,3892.22
CLM001844,1342,Completed,2386.12
CLM002273,1032,Completed,1676.03
CLM000133,1333,Pending,2739.63
CLM003801,1233,Completed,4877.53
CLM002980,1547,Pending,320.94
CLM005000,1529,Pending,2690.46
CLM004004,1886,Pending,1713.4
CLM002342,1818,Completed,616.22
CLM000876,1952,Completed,2229.89
CLM000541,1743,Completed,3241.7
CLM002303,1427,Completed,2688.01
CLM000215,1265,Pending,242.96
CLM003463,1294,In Review,2937.68
CLM000855,1439,In Review,1236.81
CLM001549,1560,Pending,1773.24
CLM000918,1569,Pending,1629.8
CLM003172,1331,In Review,4306.72
CLM000140,1869,In Review,333.11
CLM002027,1150,In Review,1805.18
CLM004747,1646,In Review,2034.6
CLM002110,1300,In Review,3132.29
CLM001362,1877,Completed,3965.93
CLM000843,1344,In Review,3665.56
CLM003628,1310,Completed,3787.85
CLM003130,1635,Completed,1042.7
CLM000785,1182,Pending,4567.51
CLM002019,1716,Pending,2129.33
CLM002429,1933,In Review,154.43
CLM001540,1146,Pending,3373.67
CLM000597,1620,In Review,3059.61
CLM001907,1149,Pending,717.19
CLM001730,1744,Pending,4803.35
CLM002577,1266,In Review,2851.67
CLM000456,1489,Pending,2399.39
CLM002998,1130,In Review,2050.8
CLM002911,1146,Pending,1128.27
CLM003222,1602,In Review,4768.78
CLM002638,1902,Completed,3540.58
CLM002746,1374,In Review,2881.26
CLM001515,1484,Pending,3192.88
CLM004413,1503,Completed,4218.06
CLM000318,1503,Completed,3215.03
CLM003476,1218,In Review,661.49
CLM002106,1494,In Review,3516.75
CLM004523,1545,Completed,2867.86
CLM002443,1010,In Review,4835.09
CLM003051,1997,In Review,3695.22
CLM001248,1260,In Review,1785.61
CLM003732,1070,Pending,763.45
CLM001799,1163,Pending,2463.17
CLM001864,1260,Completed,3428.84
CLM004779,1695,Completed,968.65
CLM003901,1644,Completed,3282.28
CLM002847,1794,In Review,4145.5
CLM003781,1860,In Review,869.55
CLM002354,1410,In Review,3558.35
CLM002060,1415,Completed,434.46
CLM004451,1344,Completed,138.96
CLM001523,1233,Pending,259.91
CLM000062,1881,In Review,3194.37
CLM004247,1865,In Review,4869.47
CLM001744,1014,Pending,3879.72
CLM000449,1616,Completed,1346.61
CLM003160,1353,Completed,451.27
CLM003554,1482,Completed,3121.61
CLM004852,1437,In Review,115.82
CLM003116,1019,Pending,3983.67
CLM001765,1759,Pending,1291.29
CLM004381,1471,Completed,1566.16
CLM004973,1161,In Review,1785.5
CLM000459,1638,Pending,3841.41
CLM000411,1033,In Review,1402.14
CLM000734,1114,Completed,1493.91
CLM002017,1429,Completed,2750.86
CLM001584,1730,Pending,2368.7
CLM003698,1753,Completed,4782.29
CLM001275,1020,Pending,1390.64
CLM003199,1736,Completed,550.27
CLM002497,1166,Pending,2750.81
CLM003553,1295,Completed,1004.15
CLM001241,1171,Completed,2126.77
CLM002593,1163,In Review,1017.27
CLM000933,1822,In Review,4416.75
CLM004227,1216,Completed,1704.5
CLM003404,1198,Pending,3896.85
CLM004117,1049,Completed,4748.16
CLM001860,1497,In Review,4708.7
CLM004435,1441,Pending,2671.53
CLM004639,1329,Completed,4917.95
CLM000181,1329,Completed,3314.09
CLM003748,1293,In Review,729.6
CLM003153,1279,Pending,4453.05
CLM002090,1363,Pending,2396.58
CLM000975,1969,Pending,848.2
CLM000963,1570,Completed,3977.97
CLM004388,1172,In Review,3159.57
CLM004189,1153,Completed,4422.39
CLM001582,1733,In Review,4153.88
CLM002618,1730,In Review,1668.54
CLM004076,1491,Pending,1355.94
CLM001485,1594,Completed,3695.76
CLM000193,1960,Pending,2909.23
CLM001009,1992,In Review,442.39
CLM001320,1266,In Review,990.03
CLM002018,1945,Pending,841.63
CLM004493,1639,Pending,2990.0
CLM000387,1697,In Review,520.24
CLM003757,1885,Completed,1117.73
CLM003936,1417,Pending,2772.34
CLM001904,1741,Completed,751.98
CLM002973,1271,In Review,1316.53
CLM004901,1442,Pending,4543.28
CLM002260,1512,Pending,3515.88
CLM000825,1808,In Review,1603.72
CLM003907,1411,Pending,4399.04
CLM001537,1014,Pending,1326.4
CLM003985,1079,Completed,2986.51
CLM003734,1685,Pending,1905.62
CLM004613,1543,Completed,3785.53
CLM003034,1550,Pending,1920.78
CLM002355,1704,Pending,1319.42
CLM002886,1239,In Review,3077.75
CLM001106,1584,In Review,3752.17
CLM003703,1604,Pending,2728.18
CLM003430,1088,Completed,3609.81
CLM003268,1970,In Review,2167.88
CLM000104,1253,In Review,3997.69
CLM002858,1745,In Review,2966.62
CLM002245,1138,Pending,1061.62
CLM000954,1709,Completed,4464.68
CLM000399,1289,Completed,4200.44
CLM001873,1305,Pending,4823.17
CLM003190,1171,In Review,2888.14
CLM001023,1525,Completed,3411.13
CLM002442,1327,Completed,4331.54
CLM003450,1152,Pending,357.7
CLM001835,1707,Completed,4569.8
CLM004767,1177,Completed,1428.7
CLM000004,1606,In Review,379.51
CLM002186,1852,In Review,1264.27
CLM000562,1748,In Review,2973.16
CLM001323,1415,Completed,334.45
CLM000837,1310,In Review,103.75
CLM004090,1589,Pending,3232.88
CLM004869,1243,In Review,2321.6
CLM004410,1731,In Review,4237.22
CLM002216,1408,Completed,1361.98
CLM001787,1219,In Review,1475.47
CLM002718,1718,Pending,479.98
CLM004024,1435,In Review,2738.71
CLM004598,1183,In Review,1892.93
CLM000427,1626,Pending,1764.57
CLM001010,1123,Pending,2342.4
CLM001112,1237,In Review,4263.47
CLM004274,1619,Completed,615.42
CLM003682,1405,Pending,2665.61
CLM001757,1558,Pending,1062.53
CLM004499,1197,Completed,1140.72
CLM000914,1562,Pending,1358.0
CLM003586,1705,Pending,2351.07
CLM000341,1581,Completed,2522.56
CLM004285,1886,In Review,4370.41
CLM002263,1086,Completed,4471.35
CLM004737,1985,In Review,2974.65
CLM001674,1074,Pending,1478.88
CLM002156,1704,Pending,4110.34
CLM003114,1731,In Review,3985.12
CLM001770,1789,Completed,4009.97
CLM004808,1936,Pending,180.2
CLM001555,1332,Completed,3793.93
CLM004107,1744,In Review,4278.33
CLM003148,1430,In Review,3064.66
CLM000211,1955,In Review,3781.1
CLM004674,1369,Completed,3903.23
CLM004754,1739,Completed,2582.26
CLM002850,1917,In Review,4086.74
CLM001003,1899,Pending,3982.23
CLM002852,1043,In Review,4588.91
CLM001640,1296,Pending,4614.73
CLM004353,1766,Pending,2695.6
CLM004970,1465,Pending,254.32
CLM004005,1249,Completed,193.62
CLM001580,1421,Pending,4700.74
CLM002045,1912,Pending,1753.07
CLM001955,1472,In Review,1949.91
CLM001296,1272,Pending,2402.55
CLM003742,1988,Pending,1402.42
CLM000452,1172,In Review,2993.03
CLM004916,1235,Completed,3944.64
CLM003305,1045,Pending,1360.97
CLM003894,1391,Completed,3741.0
CLM000287,1732,In Review,3392.89
CLM001968,1654,Completed,2675.36
CLM000233,1232,Pending,1694.67
CLM000372,1416,Completed,4376.59
CLM002889,1944,Completed,2073.7
CLM003064,1265,In Review,1935.85
CLM000165,1189,In Review,3242.72
CLM002648,1182,In Review,4609.63
CLM000421,1825,In Review,2589.29
CLM002506,1356,In Review,3641.18
CLM002516,1702,In Review,2338.73
CLM003635,1138,In Review,1172.16
CLM002571,1546,In Review,707.37
CLM001958,1504,Completed,768.0
CLM003824,1481,In Review,204.5
CLM001274,1351,Completed,2809.22
CLM003360,1341,Pending,742.42
CLM004307,1643,In Review,4341.92
CLM001251,1884,Pending,4916.2
CLM001015,1833,In Review,2529.76
CLM001203,1928,Pending,2303.4
CLM004471,1072,Completed,1805.56
CLM004698,1162,In Review,3226.33
CLM004147,1805,Completed,3079.33
CLM004950,1222,Pending,1782.57
CLM001397,1973,Completed,1781.52
CLM003974,1184,In Review,3259.54
CLM000817,1094,Completed,2817.28
CLM003990,1800,Completed,3620.92
CLM000008,1683,Pending,4712.82
CLM003713,1308,Pending,3920.0
CLM002534,1975,In Review,1591.29
CLM000251,1147,Pending,3819.7
CLM001332,1318,Completed,2305.12
CLM000501,1178,Pending,3910.52
CLM004798,1881,In Review,4444.2
CLM001594,1653,Pending,1324.7
CLM000909,1290,In Review,1269.36
CLM003317,1621,In Review,2219.86
CLM003852,1496,Completed,352.52
CLM002025,1300,Completed,3459.86
CLM002617,1160,Completed,3773.54
CLM003909,1060,In Review,1792.61
CLM001746,1860,Pending,2379.9
CLM003141,1071,Pending,2992.75
CLM001266,1436,In Review,460.63
CLM003198,1481,In Review,3585.36
CLM000968,1114,Pending,2680.84
CLM000549,1205,Pending,3158.89
CLM002281,1333,In Review,3646.77
CLM002473,1305,Pending,3410.24
CLM001592,1910,Pending,567.08
CLM000952,1553,In Review,3934.7
CLM004994,1881,In Review,3089.23
CLM000847,1531,Completed,3602.92
CLM000885,1603,Completed,1381.36
CLM004884,1579,Pending,1184.99
CLM001489,1134,In Review,4147.85
CLM001669,1577,Pending,2012.91
CLM004162,1840,In Review,2919.2
CLM004865,1150,Pending,2802.82
CLM003546,1547,Pending,2967.32
CLM003162,1139,In Review,440.58
CLM004781,1406,Completed,1582.12
CLM003790,1734,Completed,425.75
CLM001220,1489,In Review,2452.79
CLM003228,1906,Pending,4520.28
CLM001930,1896,Pending,2006.96
CLM002439,1204,Pending,3934.0
CLM001542,1294,In Review,1507.51
CLM003603,1860,Completed,4295.7
CLM004622,1581,In Review,2155.57
CLM002691,1670,Completed,1840.57
CLM002445,1904,Completed,3517.65
CLM000526,1183,In Review,2612.51
CLM000542,1017,Completed,1752.87
CLM002757,1382,Completed,384.65
CLM003583,1570,Completed,916.53
CLM000897,1834,Pending,3884.39
CLM003679,1735,In Review,4611.59
CLM001956,1620,Pending,927.31
CLM004780,1642,In Review,2890.26
CLM001562,1541,Pending,267.45
CLM003178,1507,Completed,1525.13
CLM003696,1191,Pending,2299.06
CLM004709,1197,Pending,3705.8
CLM001745,1241,In Review,316.13
CLM004516,1090,In Review,3928.03
CLM004762,1001,Pending,1092.97
CLM000845,1787,In Review,3821.71
CLM000347,1976,Completed,3164.81
CLM003293,1608,Completed,1763.92
CLM000564,1464,Completed,3646.38
CLM000695,1996,In Review,1257.98
CLM002304,1284,In Review,1176.67
CLM002226,1776,Pending,402.55
CLM003717,1003,In Review,2026.08
CLM004679,1237,Pending,578.76
CLM004703,1551,In Review,2155.55
CLM004139,1438,In Review,148.04
CLM001128,1908,Pending,859.91
CLM004770,1389,Completed,4668.62
CLM001843,1328,In Review,3998.25
CLM000755,1793,Pending,1257.2
CLM003019,1240,In Review,3619.63
CLM001641,1614,In Review,3375.56
CLM000055,1808,In Review,966.94
CLM003632,1494,In Review,1918.19
CLM000994,1809,In Review,4577.16
CLM002862,1895,Pending,3719.72
CLM000392,1973,In Review,3825.71
CLM004089,1060,Pending,2863.04
CLM002166,1061,Pending,3361.15
CLM002591,1737,Completed,2592.82
CLM004560,1766,Pending,3730.38
CLM001061,1764,Pending,3690.37
CLM001123,1451,Completed,252.31
CLM000936,1276,In Review,3195.69
CLM000089,1158,Completed,3186.09
CLM004453,1238,In Review,429.87
CLM001516,1042,In Review,2110.87
CLM004067,1916,Pending,4504.07
CLM003516,1874,In Review,4771.85
CLM002880,1412,Completed,3932.83
CLM003747,1438,Completed,842.21
CLM001792,1313,In Review,1936.13
CLM001868,1151,Completed,994.51
CLM001258,1812,Completed,3295.47
CLM000360,1079,Pending,3888.41
CLM002419,1136,Pending,4430.45
CLM002332,1724,Pending,4317.18
CLM004960,1449,In Review,586.13
CLM004157,1385,Pending,715.8
CLM000543,1676,Completed,4557.39
CLM000906,1382,Pending,4234.54
CLM001388,1164,Completed,2355.85
CLM001533,1708,Pending,2207.26
CLM002583,1301,Completed,2808.72
CLM004395,1773,Pending,3023.52
CLM002981,1047,Pending,1345.66
CLM004436,1126,Pending,2078.33
CLM004559,1367,Pending,3136.5
CLM004751,1647,Completed,1110.71
CLM003107,1031,Pending,4994.28
CLM002284,1506,In Review,1486.4
CLM001768,1612,Pending,2806.83
CLM000634,1076,Pending,2815.38
CLM001333,1706,In Review,2312.28
CLM000120,1200,Completed,1283.56
CLM003765,1067,In Review,2870.23
CLM004610,1027,Completed,545.97
CLM002513,1935,In Review,1995.94
CLM000830,1399,In Review,1198.84
CLM001779,1056,In Review,708.47
CLM003556,1202,Completed,4634.87
CLM000507,1566,Pending,3529.72
CLM004683,1082,Pending,927.26
CLM002508,1617,In Review,4752.04
CLM001421,1250,Completed,1158.36
CLM000912,1341,Completed,1254.5
CLM003681,1422,Pending,753.02
CLM004878,1843,Completed,3666.48
CLM000648,1438,Completed,2897.29
CLM002899,1413,In Review,385.43
CLM001158,1871,Completed,223.97
CLM002644,1937,Completed,2710.03
CLM003266,1132,In Review,3292.5
CLM000209,1868,Pending,4132.08
CLM001766,1428,Pending,2443.54
CLM003687,1703,Completed,3415.0
CLM004238,1543,In Review,3694.91
CLM004619,1609,Pending,3103.96
CLM001407,1267,Completed,1825.86
CLM004401,1106,Pending,746.29
CLM001877,1065,Completed,3272.94
CLM004256,1051,Pending,3866.61
CLM002387,1710,In Review,1030.15
CLM002363,1287,In Review,2524.85
CLM002289,1231,Pending,2046.5
CLM003290,1162,In Review,1107.95
CLM004115,1240,Pending,1302.03
CLM001798,1389,Pending,1264.6
CLM004161,1021,In Review,2152.76
CLM004802,1728,Completed,2013.26
CLM004992,1686,In Review,2815.48
CLM000280,1908,Completed,556.73
CLM003905,1790,Completed,2948.13
CLM003886,1492,Completed,207.05
CLM000807,1683,Pending,1361.14
CLM004838,1520,Completed,2560.48
CLM002989,1361,Completed,3465.99
CLM001435,1058,In Review,3879.2
CLM001293,1484,Pending,274.25
CLM002413,1628,Pending,2733.69
CLM003654,1100,Completed,1836.74
CLM001856,1756,In Review,3505.05
CLM003286,1797,Completed,1490.52
CLM004382,1339,Pending,3744.25
CLM001171,1485,In Review,3050.96
CLM000512,1811,Pending,3969.39
CLM000466,1688,Pending,4923.53
CLM004300,1015,Pending,4552.07
CLM004391,1497,Pending,3007.12
CLM001067,1120,Pending,4479.43
CLM003349,1213,In Review,850.14
CLM004612,1741,In Review,310.87
CLM004532,1329,Pending,2712.35
CLM001473,1083,Completed,4874.41
CLM001905,1180,Completed,3577.71
CLM001587,1744,Pending,1595.2
CLM001690,1385,In Review,3376.98
CLM004051,1322,Completed,295.55
CLM001544,1553,In Review,2406.04
CLM004064,1447,In Review,1262.55
CLM004671,1903,Completed,341.07
CLM001390,1072,Completed,1324.56
CLM004485,1254,In Review,3640.06
CLM000868,1859,Completed,2800.83
CLM002078,1916,Pending,214.83
CLM000534,1882,Completed,2107.71
CLM002870,1864,In Review,3785.64
CLM003394,1699,In Review,4777.56
CLM000675,1289,In Review,4384.35
CLM003379,1499,In Review,107.45
CLM000678,1899,In Review,1171.64
CLM000428,1751,In Review,1117.91
CLM001077,1884,Pending,2124.16
CLM000879,1984,In Review,3264.2
CLM004018,1829,In Review,850.04
CLM003695,1607,Pending,4586.83
CLM002829,1587,In Review,3907.87
CLM003956,1001,In Review,2154.73
CLM002225,1382,Pending,2961.57
CLM002105,1689,Completed,2754.83
CLM001282,1111,Completed,2952.93
CLM000515,1884,In Review,4314.56
CLM004390,1203,Completed,1080.59
CLM003321,1749,Completed,3450.2
CLM002200,1025,Pending,624.46
CLM002128,1852,Completed,2349.9
CLM000128,1107,In Review,3215.61
CLM001667,1676,Pending,161.26
CLM001739,1566,Completed,629.52
CLM003976,1867,In Review,547.21
CLM000378,1273,Pending,1935.99
CLM004978,1791,In Review,3147.84
CLM001316,1541,Completed,4980.23
CLM002437,1016,In Review,1344.99
CLM003464,1463,Completed,766.2
CLM001043,1297,Completed,2132.34
CLM003388,1592,Completed,815.28
CLM001314,1875,Completed,220.27
CLM002780,1395,Completed,2863.4
CLM001510,1026,Pending,4409.91
CLM003823,1182,Completed,4318.17
CLM003020,1515,Pending,593.86
CLM000024,1674,In Review,822.64
CLM000339,1448,In Review,2506.49
CLM001961,1331,Pending,1901.81
CLM004412,1924,Pending,3545.07
CLM004379,1583,In Review,2525.21
CLM003453,1455,Pending,198.58
CLM003435,1587,Pending,1494.36
CLM001294,1419,Completed,4517.31
CLM004286,1239,In Review,2606.39
CLM004597,1511,Pending,4009.95
CLM002462,1289,Pending,2071.25
CLM004170,1803,Pending,3417.12
CLM000054,1438,Completed,928.12
CLM000922,1771,In Review,3709.01
CLM001657,1522,In Review,3954.25
CLM000286,1570,Pending,541.69
CLM003027,1258,Pending,998.22
CLM003491,1713,Completed,2368.16
CLM000231,1267,Pending,3223.44
CLM003718,1112,Pending,3223.71
CLM001876,1584,Completed,3374.19
CLM003564,1404,Pending,3600.63
CLM004580,1993,In Review,2578.26
CLM004990,1917,In Review,2916.79
CLM001977,1401,In Review,141.19
CLM001161,1235,Completed,916.34
CLM004338,1005,Completed,2542.96
CLM001471,1600,In Review,3753.41
CLM003467,1113,In Review,4063.73
CLM003616,1364,Completed,3671.82
CLM001659,1846,Pending,2483.37
CLM000569,1320,Pending,1478.26
CLM003667,1310,Completed,2279.11
CLM000254,1167,In Review,145.55
CLM000203,1849,Completed,3030.0
CLM000139,1051,In Review,465.38
CLM001194,1887,Completed,812.41
CLM001914,1299,Completed,3167.29
CLM002532,1862,Completed,165.41
CLM003009,1061,Completed,2910.42
CLM002423,1083,Completed,3228.06
CLM000974,1747,Completed,3962.55
CLM004281,1984,In Review,433.35
CLM000182,1352,In Review,114.37
CLM003486,1841,Pending,3857.6
CLM004080,1668,Completed,1521.26
CLM001636,1502,Pending,4447.31
CLM000218,1658,Pending,1006.35
CLM002206,1923,Completed,2968.98
CLM004463,1889,Completed,636.11
CLM000736,1474,Pending,2073.18
CLM004853,1634,Pending,4422.12
CLM001578,1914,Completed,3080.9
CLM003529,1502,Completed,3479.12
CLM001863,1798,Completed,1207.25
CLM003637,1693,In Review,4621.48
CLM000905,1098,Pending,3155.06
CLM002407,1701,Pending,618.84
CLM002839,1909,Pending,176.21
CLM002268,1305,In Review,178.02
CLM004860,1762,Pending,350.94
CLM000338,1314,Completed,4566.92
CLM000610,1709,In Review,1856.06
CLM002441,1441,Pending,1561.34
CLM002149,1246,In Review,2141.07
CLM002824,1264,In Review,2106.9
CLM001595,1568,Completed,1268.62
CLM000230,1424,In Review,549.96
CLM000651,1794,Completed,632.27
CLM000423,1057,Completed,3036.02
CLM001433,1848,Pending,2044.49
CLM001476,1483,Completed,4522.03
CLM002348,1323,Pending,2372.31
CLM000129,1185,Pending,2567.11
CLM003580,1791,Pending,4648.4
CLM004289,1498,Completed,2558.04
CLM004422,1847,Pending,2559.71
CLM000414,1061,Completed,1879.5
CLM004183,1592,Completed,3581.02
CLM004336,1962,Pending,2021.92
CLM004940,1245,Completed,2982.78
CLM000099,1486,Pending,2292.24
CLM002176,1760,Pending,2690.85
CLM003469,1868,Pending,4152.43
CLM002659,1372,In Review,2127.29
CLM003630,1514,Completed,1227.38
CLM003451,1747,In Review,2894.57
CLM001899,1050,In Review,4693.79
CLM001784,1616,Completed,3496.74
CLM003689,1098,Completed,1610.98
CLM004443,1322,Pending,4818.67
CLM001971,1591,In Review,1779.31
CLM003151,1440,Completed,4917.94
CLM000295,1403,Pending,1040.75
CLM002810,1812,Completed,4998.28
CLM000587,1901,Completed,471.94
CLM001368,1416,Pending,3594.88
CLM002970,1682,Completed,3728.16
CLM000063,1945,Pending,3429.92
CLM003767,1154,In Review,3910.27
CLM003448,1541,Pending,2411.98
CLM002621,1610,Completed,365.16
CLM002415,1145,In Review,1852.99
CLM004824,1925,In Review,3247.34
CLM003938,1234,Pending,3266.61
CLM003386,1473,Pending,1056.45
CLM001013,1398,Pending,1339.73
CLM000530,1863,In Review,2484.82
CLM000719,1610,Pending,3670.19
CLM001998,1459,Completed,4278.71
CLM001996,1701,In Review,523.78
CLM000602,1788,Pending,4635.54
CLM000275,1907,In Review,4645.89
CLM003144,1432,Completed,138.88
CLM004425,1256,Completed,2581.41
CLM003280,1714,Completed,2977.01
CLM004137,1438,Pending,2813.2
CLM002185,1536,Pending,3117.28
CLM000965,1174,In Review,2566.42
CLM003494,1712,Pending,1539.65
CLM004851,1806,In Review,568.95
CLM000424,1490,Pending,1121.06
CLM001062,1282,Completed,3727.25
CLM002745,1604,Pending,1281.21
CLM003124,1561,Pending,4165.58
CLM000820,1218,Pending,2077.09
CLM003854,1950,Completed,2130.93
CLM003060,1155,In Review,4355.64
CLM001453,1056,Pending,1150.02
CLM000604,1510,Completed,1029.13
CLM001431,1742,Pending,4928.49
CLM000863,1337,Pending,2748.96
CLM003217,1718,Completed,1033.55
CLM002504,1271,Pending,912.44
CLM004430,1726,Pending,4322.16
CLM000761,1989,Pending,3039.25
CLM001111,1995,Pending,663.69
CLM000176,1183,Pending,4445.85
CLM004687,1290,Completed,2275.13
CLM004211,1923,Completed,4947.85
CLM002962,1301,Pending,1480.63
CLM004897,1578,Pending,2691.2
CLM000894,1246,In Review,948.19
CLM004729,1015,Completed,2254.56
CLM002127,1334,Pending,965.03
CLM002874,1210,In Review,1605.43
CLM004691,1585,Completed,1422.34
CLM001377,1372,In Review,1487.16
CLM004001,1816,In Review,4852.15
CLM002771,1963,Pending,288.39
CLM000455,1405,Pending,2534.62
CLM003315,1529,Completed,3183.3
CLM004431,1021,In Review,3337.73
CLM001372,1617,In Review,3797.27
CLM002634,1118,Pending,3828.73
CLM003928,1527,Completed,4781.96
CLM001327,1183,Pending,3802.77
CLM003780,1514,Completed,4136.08
CLM002222,1491,In Review,2708.35
CLM004971,1505,Completed,3322.6
CLM000869,1634,In Review,2442.81
CLM001615,1754,Completed,1454.44
CLM002040,1436,Pending,1635.58
CLM003359,1802,Pending,1866.61
CLM001885,1104,Pending,1769.15
CLM003440,1102,Completed,2712.49
CLM004958,1207,In Review,1313.4
CLM004567,1980,Pending,2631.55
CLM003694,1660,Completed,4589.58
CLM004654,1704,Completed,2089.22
CLM002553,1824,Pending,1190.97
CLM004490,1733,Pending,1799.59
CLM002708,1046,Pending,4396.75
CLM002627,1929,Pending,4714.32
CLM004724,1303,Completed,4444.77
CLM002487,1166,In Review,1508.0
CLM001890,1493,In Review,2000.44
CLM000644,1086,Completed,4877.18
CLM003922,1225,In Review,1686.88
CLM000653,1119,Completed,775.51
CLM004122,1925,Completed,1482.26
CLM001832,1247,Completed,4823.49
CLM003457,1504,In Review,2137.79
CLM003314,1945,Completed,4676.02
CLM001001,1352,Completed,610.0
CLM002406,1143,Pending,3853.67
CLM003216,1744,Pending,557.38
CLM001455,1349,In Review,1067.73
CLM004771,1514,Pending,3118.9
CLM001911,1748,Pending,2228.94
CLM003391,1316,Pending,3366.7
CLM000518,1769,Completed,4869.69
CLM001183,1025,Pending,358.3
CLM004582,1529,In Review,1038.97
CLM001007,1321,Completed,3237.1
CLM003003,1295,In Review,4492.98
CLM002823,1130,In Review,4008.47
CLM000789,1016,In Review,2381.35
CLM000751,1919,In Review,3752.83
CLM001462,1769,In Review,1119.68
CLM002002,1581,Pending,167.28
CLM001945,1935,Pending,2893.08
CLM002977,1921,In Review,4084.9
CLM004599,1184,In Review,2223.87
CLM002004,1048,Pending,2889.32
CLM002952,1824,In Review,2168.69
CLM000561,1823,Pending,2618.79
CLM004112,1965,In Review,4433.3
CLM003366,1075,In Review,2442.89
CLM004036,1788,Completed,136.63
CLM004621,1527,In Review,4019.26
CLM002567,1005,Completed,3126.81
CLM000435,1033,In Review,3678.93
CLM001634,1058,Completed,4515.33
CLM002705,1066,Pending,1502.45
CLM000892,1254,In Review,2565.04
CLM000781,1808,Pending,3052.17
CLM004279,1402,Completed,1792.42
CLM002622,1156,Completed,4245.73
CLM003311,1031,Completed,3518.07
CLM004221,1009,Completed,3693.7
CLM003465,1703,Pending,4059.24
CLM004250,1374,Completed,1364.61
CLM003555,1730,In Review,3753.64
CLM002099,1348,Completed,3891.65
CLM000681,1588,Pending,4227.72
CLM002658,1531,Pending,2493.84
CLM002189,1155,In Review,2570.53
CLM000674,1026,Pending,581.07
CLM003671,1972,Completed,4275.39
CLM002530,1152,In Review,2714.09
CLM004495,1891,In Review,3012.73
CLM002813,1284,Pending,695.06
CLM000532,1627,In Review,3048.93
CLM001313,1249,Completed,305.74
CLM000057,1910,Completed,4623.72
CLM004489,1428,Pending,4331.33
CLM004684,1556,Completed,1052.16
CLM004347,1285,Completed,3009.62
CLM003470,1505,Pending,3053.23
CLM000015,1293,Completed,4036.82
CLM001931,1443,Pending,3808.91
CLM003405,1287,Pending,4966.89
CLM004906,1305,Pending,1819.12
CLM002391,1070,In Review,710.7
CLM003475,1162,Completed,2910.01
CLM000535,1480,Completed,3843.56
CLM000312,1587,Completed,1500.39
CLM003029,1342,Pending,1257.41
CLM002435,1516,Pending,4032.03
CLM002237,1106,Completed,3793.24
CLM000364,1630,Completed,1096.62
CLM001399,1798,Completed,4359.43
CLM004744,1975,Completed,760.17
CLM002458,1608,In Review,635.28
CLM002670,1692,Pending,1820.43
CLM002467,1497,In Review,4444.01
CLM000579,1000,Completed,3507.66
CLM004199,1597,Pending,2034.12
CLM004902,1475,In Review,870.53
CLM002531,1452,In Review,3596.03
CLM003458,1963,Pending,3035.82
CLM002697,1064,In Review,4939.65
CLM003358,1910,Completed,3851.24
CLM000760,1484,In Review,600.41
CLM002254,1614,In Review,3668.25
CLM000872,1947,Completed,1361.49
CLM001240,1421,Completed,4813.29
CLM001230,1535,In Review,194.44
CLM004454,1150,Completed,1267.92
CLM003701,1814,Pending,2545.09
CLM002175,1390,Pending,487.44
CLM003753,1764,Completed,1785.91
CLM000470,1414,Completed,2536.45
CLM000759,1006,Pending,2289.97
CLM003106,1972,Pending,2356.87
CLM004041,1515,In Review,4407.21
CLM002044,1762,In Review,2575.93
CLM000035,1693,In Review,4711.13
CLM001188,1465,In Review,823.89
CLM002266,1103,Pending,1473.25
CLM003110,1978,Pending,3316.93
CLM000210,1463,Pending,1487.3
CLM002023,1563,Completed,1801.65
CLM004302,1593,Pending,4515.04
CLM003892,1847,Completed,2738.94
CLM003350,1559,Completed,1739.84
CLM001268,1350,Completed,3905.89
CLM004871,1728,In Review,446.26
CLM004126,1833,Completed,2861.95
CLM000777,1365,Pending,588.38
CLM003809,1892,Pending,966.57
CLM000982,1181,Pending,405.98
CLM003219,1242,Pending,4518.25
CLM002253,1219,Pending,336.2
CLM002204,1207,Pending,2630.44
CLM000590,1638,Completed,1202.39
CLM000060,1181,Pending,1979.58
CLM002946,1867,Completed,2518.92
CLM003968,1428,In Review,2305.29
CLM003444,1807,Pending,3765.63
CLM004370,1034,In Review,4568.23
CLM004433,1791,In Review,1571.33
CLM000413,1674,In Review,220.25
CLM003456,1861,Pending,4480.33
CLM003477,1420,Completed,4896.04
CLM003418,1202,In Review,2223.42
CLM000931,1876,Pending,2333.37
CLM000722,1161,Completed,806.36
CLM001228,1741,In Review,2430.06
CLM004517,1870,Pending,1586.41
CLM001848,1407,Completed,4972.46
CLM004905,1348,Completed,1005.76
CLM003983,1003,Pending,1955.07
CLM000444,1360,In Review,3120.86
CLM002675,1945,Pending,1791.11
CLM002887,1989,In Review,2424.68
CLM001920,1589,Pending,4870.07
CLM001299,1663,Completed,2589.55
CLM004152,1357,Completed,4560.57
CLM001379,1627,Completed,311.11
CLM001458,1865,Completed,687.11
CLM002010,1035,Completed,4728.11
CLM003998,1334,Pending,730.78
CLM003917,1290,Pending,3709.1
CLM004681,1284,Pending,2285.42
CLM003237,1035,In Review,2093.07
CLM001573,1323,In Review,3330.18
CLM000598,1462,Completed,3665.24
CLM001990,1394,Completed,4666.65
CLM004956,1566,Completed,1358.74
CLM001191,1048,In Review,3520.59
CLM000102,1462,In Review,1777.2
CLM001122,1312,Pending,3616.29
CLM000132,1980,In Review,796.37
CLM000745,1354,Completed,2341.96
CLM003262,1342,Pending,999.79
CLM002750,1054,In Review,1748.59
CLM002402,1311,Pending,3606.58
CLM003754,1841,In Review,1243.41
CLM000908,1259,In Review,3455.93
CLM004101,1876,In Review,2530.11
CLM000443,1920,Completed,550.98
CLM001590,1641,In Review,1994.8
CLM001310,1997,Completed,4359.11
CLM003724,1914,Pending,4947.53
CLM003838,1087,In Review,1907.71
CLM003108,1903,Completed,368.89
CLM001135,1319,Completed,737.92
CLM002979,1389,Pending,3961.93
CLM002815,1851,Pending,3313.36
CLM002148,1269,Pending,1496.56
CLM002698,1871,In Review,2017.36
CLM004429,1965,In Review,4074.64
CLM003082,1459,Pending,2124.24
CLM003416,1360,In Review,3803.29
CLM000672,1125,Completed,1546.51
CLM003377,1838,Completed,3651.58
CLM004827,1184,In Review,2385.35
CLM003340,1364,In Review,2772.24
CLM003959,1541,Completed,3033.79
CLM000284,1719,Completed,2307.82
CLM002706,1007,In Review,2384.06
CLM002093,1653,In Review,1401.97
CLM001559,1815,Pending,4930.25
CLM003967,1723,Pending,4538.49
CLM004776,1795,In Review,2684.18
CLM003544,1901,Completed,269.68
CLM004570,1413,In Review,925.3
CLM004482,1131,Completed,4284.28
CLM002188,1355,In Review,4660.98
CLM001264,1322,In Review,890.33
CLM002201,1905,Completed,3699.14
CLM002509,1101,Completed,3152.81
CLM004594,1794,In Review,1586.59
CLM001270,1465,Completed,2236.85
CLM003495,1428,Completed,3418.62
CLM000430,1074,In Review,596.35
CLM000607,1099,Pending,1026.31
CLM001660,1743,Pending,263.24
CLM002657,1802,Completed,4520.79
CLM002008,1235,In Review,2912.09
CLM002831,1268,Completed,2664.79
CLM004522,1887,In Review,3560.58
CLM002814,1566,Pending,4942.92
CLM004303,1253,Pending,943.96
CLM004283,1726,Pending,752.22
CLM003393,1810,Completed,1544.48
CLM004253,1328,Pending,4529.33
CLM004650,1835,Pending,2116.16
CLM002302,1298,Completed,3988.13
CLM003120,1807,In Review,1094.35
CLM002788,1369,Pending,2518.67
CLM002991,1670,In Review,724.61
CLM001753,1258,In Review,2123.2
CLM002475,1227,Completed,1385.18
CLM002401,1376,In Review,2792.21
CLM002500,1144,In Review,3923.99
CLM000947,1079,Completed,4698.01
CLM002294,1038,In Review,1490.83
CLM002548,1705,Pending,3741.35
CLM002147,1708,Completed,4439.4
CLM004600,1096,Completed,711.77
CLM003988,1245,Completed,2971.07
CLM001204,1332,Pending,3098.05
CLM004715,1587,In Review,1434.69
CLM004774,1402,In Review,210.32
CLM001499,1764,In Review,1357.84
CLM002927,1277,Pending,2965.2
CLM002747,1999,In Review,1062.57
CLM004673,1007,In Review,1507.99
CLM003439,1363,Pending,3568.82
CLM003384,1451,Pending,2051.75
CLM000028,1710,In Review,420.58
CLM002360,1251,Pending,2055.91
CLM002058,1895,Pending,4998.87
CLM000278,1981,Pending,1379.15
CLM004550,1017,Completed,1399.76
CLM004176,1389,Completed,932.44
CLM002614,1241,In Review,1431.02
CLM003729,1252,In Review,2916.29
CLM004886,1003,Pending,4826.55
CLM000624,1372,In Review,3077.71
CLM002787,1424,Completed,2108.25
CLM004027,1748,In Review,2009.2
CLM003298,1178,In Review,218.71
CLM002568,1011,Completed,112.46
CLM002312,1879,Completed,4006.25
CLM000742,1292,Pending,2501.79
CLM003111,1769,Pending,262.73
CLM000923,1258,Pending,1501.53
CLM002076,1428,In Review,1847.74
CLM003385,1596,In Review,3938.12
CLM002620,1294,In Review,2228.49
CLM001181,1332,Completed,3967.57
CLM004387,1111,In Review,3205.3
CLM001927,1949,Completed,262.37
CLM000096,1205,In Review,4846.57
CLM004400,1221,In Review,989.02
CLM001985,1529,Completed,1450.54
CLM003540,1012,Completed,4065.54
CLM001616,1269,Completed,1030.22
CLM000900,1552,Pending,2065.33
CLM003312,1039,Pending,4338.46
CLM000728,1504,In Review,3222.63
CLM001192,1600,In Review,1580.19
CLM000622,1612,In Review,3255.84
CLM001291,1730,Pending,4081.86
CLM000627,1214,In Review,2079.06
CLM004649,1966,Completed,2901.21
CLM004809,1303,Completed,4940.85
CLM000679,1521,Pending,4826.36
CLM001681,1728,Completed,2594.28
CLM003949,1120,Completed,571.09
CLM001277,1309,In Review,3533.34
CLM002067,1674,Completed,1416.24
CLM000458,1663,Completed,3380.43
CLM001705,1304,Pending,1823.6
CLM002477,1425,Completed,3621.92
CLM004939,1458,Completed,1899.88
CLM004475,1595,In Review,4711.86
CLM004350,1201,In Review,769.7
CLM001115,1561,In Review,435.18
CLM001383,1660,Pending,3927.88
CLM004996,1411,In Review,2066.5
CLM003164,1219,Completed,2381.32
CLM003307,1950,Pending,4675.7
CLM002871,1154,Completed,2990.61
CLM000867,1608,Completed,3334.84
CLM003960,1323,In Review,195.38
CLM003652,1610,Pending,3385.52
CLM000259,1339,Pending,2002.93
CLM001152,1389,In Review,2355.05
CLM004234,1185,Pending,4059.45
CLM004841,1133,Completed,2666.59
CLM001981,1827,Pending,4935.67
CLM001597,1848,Completed,4004.37
CLM004656,1146,Pending,3670.1
CLM003380,1112,Pending,2984.56
CLM002741,1956,In Review,2120.74
CLM000094,1528,In Review,359.07
CLM004088,1432,Pending,190.63
CLM001742,1386,Completed,329.12
CLM001691,1365,In Review,4798.3
CLM003154,1033,In Review,1683.74
CLM001331,1061,In Review,3532.99
CLM002159,1443,Pending,3012.14
CLM003100,1195,Completed,2901.17
CLM001467,1086,Completed,2938.28
CLM002022,1890,Pending,1581.25
CLM001081,1634,Completed,4444.01
CLM003499,1253,In Review,4604.11
CLM000525,1126,Completed,3258.18
CLM001922,1849,In Review,4333.35
CLM000546,1161,In Review,393.91
CLM002492,1924,Pending,591.92
CLM003924,1315,In Review,2839.42
CLM003728,1171,Completed,4247.88
CLM001902,1398,Completed,1645.6
CLM002960,1812,Completed,2785.47
CLM000584,1330,Completed,148.81
CLM002373,1358,Completed,4934.49
CLM004743,1251,In Review,3858.21
CLM001786,1008,Pending,1870.95
CLM000528,1762,Pending,4916.76
CLM003425,1238,Completed,552.9
CLM004113,1034,In Review,2374.46
CLM004706,1777,Pending,388.37
CLM003943,1615,Completed,1741.33
CLM003023,1933,In Review,1174.88
CLM003181,1382,Pending,1651.1
CLM002224,1668,In Review,4742.31
CLM002913,1685,Completed,2193.22
CLM000499,1709,In Review,1691.82
CLM000858,1722,Pending,3239.78
CLM001165,1729,Pending,3448.51
CLM000854,1200,In Review,4920.47
CLM000773,1232,Pending,2775.68
CLM000588,1627,In Review,3787.56
CLM003994,1495,In Review,1972.61
CLM001389,1812,Completed,938.06
CLM004934,1076,Completed,2206.19
CLM001348,1217,In Review,2152.0
CLM000715,1373,Pending,2161.01
CLM001187,1052,Completed,3507.56
CLM001629,1595,Pending,2089.12
CLM003816,1257,In Review,4775.4
CLM000189,1131,Pending,4915.47
CLM002054,1710,Pending,2664.47
CLM003677,1786,In Review,2836.38
CLM001820,1866,Completed,2097.37
CLM003712,1394,Completed,1842.41
CLM004591,1594,Pending,4928.1
CLM004832,1927,In Review,299.22
CLM004987,1248,In Review,2109.42
CLM002104,1397,Completed,841.57
CLM003348,1944,In Review,3658.77
CLM004195,1068,In Review,1052.78
CLM001450,1920,Pending,4434.76
CLM001334,1653,Pending,1934.94
CLM000170,1422,Completed,4594.03
CLM000631,1651,Completed,4934.16
CLM001490,1891,Pending,3878.74
CLM002661,1944,In Review,3153.47
CLM001468,1339,In Review,834.52
CLM003861,1373,Pending,4672.0
CLM003095,1884,Pending,3906.65
CLM003426,1273,Pending,1511.42
CLM001285,1256,Pending,2395.66
CLM004881,1874,In Review,431.56
CLM000899,1515,In Review,3329.1
CLM001229,1267,Completed,713.8
CLM000366,1921,Pending,3292.5
CLM000606,1927,Completed,3390.61
CLM000642,1356,In Review,1690.68
CLM001849,1846,Completed,4748.45
CLM000214,1307,In Review,3916.92
CLM002489,1866,In Review,2533.99
CLM001150,1601,Completed,4600.99
CLM000361,1526,Completed,4293.63
CLM003680,1647,Pending,3491.87
CLM003247,1731,In Review,849.53
CLM000204,1797,Pending,2535.66
CLM004898,1693,Pending,4335.67
CLM000517,1490,In Review,3083.57
CLM002193,1638,Completed,2773.01
CLM000735,1637,Pending,4780.6
CLM001800,1706,Pending,181.09
CLM001909,1197,In Review,159.03
CLM002282,1350,Completed,4474.82
CLM004659,1217,Completed,288.83
CLM002420,1007,Pending,1729.46
CLM004343,1230,In Review,4627.72
CLM000618,1702,Pending,3486.65
CLM003875,1092,Completed,3275.98
CLM004040,1656,Pending,3319.29
CLM002671,1015,In Review,1656.45
CLM003438,1624,Pending,2699.61
CLM004068,1812,Completed,3186.87
CLM001311,1195,In Review,1598.01
CLM001743,1905,In Review,3997.28
CLM002654,1463,In Review,1676.57
CLM000084,1914,In Review,450.08
CLM004699,1934,In Review,1087.13
CLM000939,1817,Pending,2101.21
CLM004769,1204,In Review,4549.47
CLM003221,1827,Completed,2137.23
CLM000277,1579,In Review,540.04
CLM004269,1126,Completed,1062.64
CLM003215,1159,Completed,2767.89
CLM002118,1500,Completed,970.51
CLM002056,1465,Completed,413.38
CLM003324,1847,Completed,3602.66
CLM000475,1856,Pending,3943.3
CLM003510,1497,Completed,4268.1
CLM004219,1447,Completed,4235.28
CLM000716,1463,Completed,1958.37
CLM000753,1341,Pending,3698.9
CLM004208,1507,In Review,2959.34
CLM003537,1663,Completed,214.49
CLM002854,1283,Pending,2067.83
CLM003864,1150,Pending,359.11
CLM001618,1574,Pending,508.44
CLM003232,1885,In Review,374.41
CLM002768,1894,Pending,4808.64
CLM004531,1695,Completed,4236.58
CLM002485,1212,Completed,2251.61
CLM004981,1584,Completed,1315.19
CLM004012,1321,In Review,455.01
CLM003316,1933,Pending,2212.86
CLM003787,1795,Completed,3041.73
CLM001532,1665,Completed,4005.81
CLM003295,1187,Completed,352.65
CLM002999,1571,In Review,2147.56
CLM004481,1767,Completed,4886.6
CLM003184,1986,Pending,691.53
CLM004207,1182,Pending,2061.47
CLM004503,1383,In Review,1447.77
CLM003409,1024,In Review,756.79
CLM000196,1916,In Review,4210.83
CLM003999,1997,Pending,3515.86
CLM001254,1536,In Review,2116.63
CLM000235,1313,In Review,1908.43
CLM000800,1037,Pending,4155.97
CLM003609,1301,Completed,544.84
CLM002643,1970,In Review,819.48
CLM002731,1987,Completed,4542.1
CLM003746,1368,Completed,4104.31
CLM000001,1099,Completed,3896.9
CLM004305,1387,Completed,3157.48
CLM002545,1658,In Review,1533.01
CLM004949,1445,In Review,4680.45
CLM002888,1791,In Review,2510.16
CLM004502,1469,Pending,1475.04
CLM002604,1054,Pending,1891.32
CLM004819,1495,Completed,182.52
CLM004293,1920,Pending,1350.28
CLM002993,1583,Completed,1020.98
CLM000439,1754,Completed,764.23
CLM004638,1126,In Review,257.49
CLM003868,1979,In Review,1211.69
CLM000723,1320,Pending,607.24
CLM000763,1765,In Review,321.19
CLM001249,1067,Pending,772.88
CLM001144,1395,In Review,1091.78
CLM004287,1152,In Review,2138.22
CLM002699,1148,Pending,2960.11
CLM004136,1402,Completed,1679.1
CLM001561,1225,Pending,792.17
CLM004224,1837,In Review,4707.59
CLM004985,1691,Completed,2622.78
CLM000704,1309,In Review,3735.21
CLM002863,1418,In Review,3502.73
CLM000977,1514,In Review,1495.99
CLM002714,1288,Completed,2843.32
CLM001167,1200,In Review,3050.6
CLM001190,1518,Pending,1823.78
CLM003925,1872,Pending,3386.76
CLM000294,1666,Pending,3974.32
CLM003776,1768,Completed,1884.63
CLM002276,1167,Pending,173.09
CLM002985,1913,In Review,1811.75
CLM000916,1674,Completed,672.4
CLM001276,1336,In Review,862.48
CLM003004,1294,In Review,1893.15
CLM003731,1379,In Review,1117.34
CLM004417,1010,Pending,4680.96
CLM001813,1356,Pending,3298.73
CLM003992,1812,Completed,2639.98
CLM001788,1970,Completed,147.65
CLM001481,1130,Pending,607.73
CLM004592,1204,Pending,3963.54
CLM003249,1435,In Review,2009.74
CLM002901,1315,Pending,322.92
CLM002641,1603,In Review,4145.24
CLM001478,1313,Pending,1582.97
CLM001728,1485,In Review,1992.85
CLM004800,1949,Pending,4874.41
CLM003138,1110,Pending,176.01
CLM004464,1289,Completed,3634.49
CLM004414,1246,Completed,4749.53
CLM004048,1411,In Review,412.91
CLM003634,1572,Completed,4343.78
CLM002846,1449,Completed,2139.58
CLM001406,1888,Pending,4402.18
CLM004525,1621,In Review,1610.55
CLM001366,1961,Completed,4915.05
CLM003645,1420,Completed,3270.54
CLM001677,1399,Pending,3172.74
CLM001901,1455,Pending,4048.93
CLM001807,1743,Pending,2239.27
CLM001096,1124,In Review,1367.48
CLM004304,1714,Pending,1388.36
CLM000907,1940,In Review,1719.96
CLM001346,1782,Pending,3125.03
CLM004714,1259,Completed,4208.11
CLM003649,1534,In Review,2547.93
CLM004434,1711,Pending,2076.9
CLM002221,1079,Pending,3989.85
CLM000402,1271,Completed,1519.37
CLM001438,1855,Completed,3476.27
CLM002313,1564,Completed,618.45
CLM002233,1777,Pending,654.87
CLM002805,1417,Completed,3255.87
CLM004479,1401,Completed,505.48
CLM004998,1052,In Review,859.75
CLM001622,1271,In Review,3159.41
CLM001392,1895,In Review,2247.2
CLM000848,1227,Pending,2850.35
CLM001759,1957,In Review,4887.02
CLM001994,1691,Pending,3196.61
CLM004647,1370,Completed,2995.17
CLM000985,1824,Pending,1962.68
CLM004637,1711,Pending,3191.3
CLM002964,1191,Completed,163.7
CLM004640,1979,In Review,2830.87
CLM001889,1022,In Review,437.6
CLM002653,1551,In Review,1178.84
CLM002580,1909,Completed,2859.29
CLM002464,1335,Pending,3372.96
CLM000510,1229,Completed,1985.5
CLM000871,1529,Completed,2153.0
CLM003346,1487,Completed,2540.31
CLM002034,1733,Completed,3819.47
CLM002092,1163,Pending,186.38
CLM001177,1995,In Review,2290.63
CLM000198,1422,In Review,169.94
CLM003412,1359,Completed,1663.8
CLM004554,1168,Pending,2647.26
CLM004740,1512,Completed,491.6
CLM001099,1848,Pending,2477.55
CLM004663,1347,Completed,4630.41
CLM002575,1765,In Review,3458.18
CLM003000,1198,In Review,3933.04
CLM004533,1211,Completed,2944.03
CLM002457,1681,In Review,4492.16
CLM003489,1151,Completed,819.66
CLM001661,1884,Pending,2303.95
CLM004376,1576,Pending,3025.46
CLM003068,1529,Pending,4380.03
CLM001571,1089,Pending,1609.25
CLM003328,1013,Completed,105.53
CLM001521,1018,In Review,4874.63
CLM002181,1081,Pending,227.29
CLM004627,1760,In Review,846.6
CLM001830,1620,Completed,2168.03
CLM002262,1518,In Review,2532.21
CLM001117,1831,In Review,4188.88
CLM004848,1001,In Review,2294.31
CLM002833,1262,Completed,2782.4
CLM003125,1539,Completed,1080.0
CLM004321,1859,Completed,2888.88
CLM002566,1489,In Review,1807.08
CLM003707,1336,Pending,583.79
CLM001912,1285,Pending,4737.67
CLM003086,1253,In Review,500.25
CLM001461,1596,Pending,3421.61
CLM003024,1484,Pending,4550.15
CLM004636,1200,In Review,978.1
CLM002640,1291,Completed,1261.88
CLM000021,1883,Pending,2190.86
CLM004491,1277,Completed,1543.1
CLM002097,1334,Pending,3819.26
CLM002664,1589,In Review,1756.95
CLM002586,1410,In Review,4930.59
CLM003847,1209,Completed,4308.06
CLM004329,1637,Completed,4487.19
CLM002350,1009,Completed,411.95
CLM004236,1239,Completed,963.91
CLM002748,1789,In Review,929.91
CLM003417,1918,In Review,3392.63
CLM002098,1819,In Review,158.37
CLM001046,1169,Completed,4051.49
CLM002804,1680,In Review,2780.53
CLM000471,1815,In Review,2874.93
CLM002024,1836,Pending,2732.95
CLM001624,1946,Pending,2723.19
CLM003129,1472,Pending,1069.64
CLM004263,1768,Completed,1487.58
CLM003424,1471,Completed,2489.33
CLM000646,1864,In Review,3421.44
CLM003113,1761,In Review,1432.57
CLM004097,1695,Completed,4050.06
CLM004868,1228,Pending,4071.91
CLM002183,1838,In Review,1442.01
CLM004708,1407,Pending,2844.32
CLM000786,1398,In Review,1809.72
CLM000878,1202,Pending,1034.36
CLM002277,1683,In Review,4049.4
CLM000425,1592,Pending,4958.26
CLM000122,1048,Pending,2872.02
CLM004736,1726,Completed,4578.34
CLM000012,1688,In Review,3246.63
CLM002068,1963,Pending,2872.05
CLM001776,1094,Completed,2452.71
CLM003793,1117,In Review,1255.0
CLM002190,1609,Completed,512.85
CLM004912,1073,Pending,2267.45
CLM004963,1036,In Review,2850.42
CLM003279,1329,Pending,2596.3
CLM003857,1425,Pending,3508.3
CLM001344,1186,Completed,1041.28
CLM000586,1383,Pending,1835.59
CLM003308,1458,In Review,2136.28
CLM000252,1990,Completed,1013.96
CLM003038,1777,Pending,4541.67
CLM003782,1746,Pending,3439.41
CLM001380,1869,Pending,550.13
CLM004345,1308,Completed,3592.71
CLM000086,1425,In Review,2784.16
CLM000649,1391,Completed,2667.31
CLM001821,1330,Pending,4949.95
CLM000502,1851,Completed,3129.18
CLM003627,1407,Pending,4493.97
CLM004543,1306,Completed,4576.39
CLM004054,1070,Pending,596.95
CLM000293,1443,Completed,140.98
CLM002677,1148,Pending,2232.81
CLM004562,1875,Pending,3869.5
CLM004087,1436,Completed,4138.56
CLM000700,1261,Completed,3958.72
CLM002235,1798,Pending,2291.71
CLM000741,1651,In Review,3774.82
CLM004022,1356,Pending,3622.0
CLM003369,1908,Pending,1637.71
CLM002612,1304,In Review,926.73
CLM003558,1542,Pending,3144.95
CLM002525,1776,Completed,3417.72
CLM000253,1154,Completed,2883.06
CLM004689,1115,In Review,1144.58
CLM000049,1948,Pending,1455.7
CLM002466,1720,Completed,3571.58
CLM001208,1626,Pending,4816.85
CLM001337,1050,In Review,4729.69
CLM000107,1071,Completed,2646.32
CLM003740,1922,In Review,4444.14
CLM004790,1639,Pending,244.31
CLM003165,1935,Pending,4319.65
CLM001020,1760,Pending,2433.14
CLM003881,1829,In Review,3929.48
CLM002975,1825,Completed,127.36
CLM000911,1142,In Review,4355.95
CLM000043,1166,Completed,3015.4
CLM004086,1069,Pending,1277.13
CLM004907,1991,Pending,1802.67
CLM002693,1495,In Review,1083.26
CLM001975,1519,Completed,2179.59
CLM004053,1162,Pending,1717.03
CLM004764,1574,Pending,2719.07
CLM002777,1286,In Review,4092.44
CLM004268,1233,In Review,4913.15
CLM000671,1729,Completed,1332.14
CLM002334,1937,Pending,621.89
CLM000014,1343,Completed,2038.77
CLM002689,1882,Completed,803.42
CLM004518,1252,Completed,4187.78
CLM004930,1705,In Review,2555.51
CLM002639,1808,Completed,3137.82
CLM004716,1256,Completed,838.0
CLM001446,1841,Completed,3773.08
CLM004131,1505,In Review,4870.55
CLM000614,1753,In Review,2463.69
CLM004111,1470,Pending,4816.04
CLM004333,1288,In Review,270.11
CLM002126,1619,In Review,275.04
CLM004168,1548,Completed,4804.06
CLM001811,1891,Pending,3531.3
CLM002203,1824,In Review,1024.58
CLM002687,1504,Pending,1882.99
CLM003026,1522,Completed,2587.99
CLM003620,1083,In Review,3542.92
CLM004242,1729,Completed,4225.93
CLM003856,1749,Completed,505.02
CLM001881,1558,Pending,3317.21
CLM004460,1961,In Review,2435.89
CLM001596,1344,Pending,3028.35
CLM004538,1378,Completed,2591.8
CLM004261,1131,In Review,2308.4
CLM001474,1210,Completed,1107.01
CLM003427,1716,Pending,2414.45
CLM000258,1594,Pending,1029.31
CLM003758,1076,Completed,318.6
CLM001329,1950,Pending,1931.74
CLM000195,1139,Pending,222.28
CLM001376,1127,Completed,2856.47
CLM000971,1065,In Review,454.72
CLM002883,1932,In Review,2244.01
CLM003374,1753,In Review,4902.7
CLM002933,1662,Completed,148.42
CLM000370,1566,Completed,1897.59
CLM004983,1146,Pending,3398.99
CLM003381,1066,In Review,878.69
CLM003708,1471,Pending,2847.59
CLM002782,1150,Completed,1365.13
CLM003150,1003,In Review,1191.57
CLM004752,1017,Completed,4485.42
CLM001079,1523,Pending,1096.07
CLM001493,1255,Pending,1945.1
CLM003169,1508,Completed,931.03
CLM003193,1034,Completed,1491.05
CLM002465,1922,In Review,1536.22
CLM000766,1554,Completed,1701.19
CLM000038,1589,Pending,3241.23
CLM002114,1506,Pending,3738.7
CLM000053,1862,Completed,2602.28
CLM004794,1322,Completed,3091.33
CLM003364,1452,In Review,4085.02
CLM000765,1831,Pending,4997.85
CLM003715,1860,Pending,2336.88
CLM000348,1358,Pending,4688.53
CLM004977,1051,Completed,2502.81
CLM001469,1528,Pending,3931.8
CLM004890,1722,Completed,2908.79
CLM002343,1738,In Review,4431.79
CLM003562,1032,Completed,2298.65
CLM004537,1327,In Review,3509.49
CLM004873,1435,In Review,2384.94
CLM003036,1996,Completed,4299.43
CLM004492,1418,In Review,4972.41
CLM000964,1915,Completed,1292.24
CLM000416,1848,Pending,2424.26
CLM000101,1812,Completed,498.16
CLM001882,1076,In Review,790.88
CLM004787,1579,In Review,4652.84
CLM003233,1049,Pending,2763.71
CLM002733,1441,Completed,2036.07
CLM002367,1669,Pending,3390.26
CLM002352,1197,In Review,2844.79
CLM000163,1769,Completed,1514.72
CLM002783,1462,In Review,1210.41
CLM003991,1376,Completed,2992.17
CLM000582,1545,Pending,1022.5
CLM003811,1435,Pending,781.94
CLM003098,1723,In Review,1660.1
CLM002763,1271,Pending,4320.57
CLM002855,1891,Pending,280.42
CLM003421,1938,In Review,4183.0
CLM004151,1575,In Review,3142.77
CLM004858,1988,In Review,297.83
CLM002493,1154,Completed,3049.99
CLM003028,1320,In Review,2187.5
CLM004900,1268,Completed,4221.53
CLM001673,1551,In Review,4545.27
CLM003733,1159,Completed,1503.82
CLM000265,1322,In Review,3942.43
CLM002125,1013,Completed,1618.03
CLM001791,1375,Pending,1548.61
CLM003287,1119,In Review,1043.93
CLM000229,1313,In Review,3424.6
CLM002015,1347,Completed,1382.26
CLM000493,1045,Pending,2377.81
CLM001719,1345,Pending,4079.43
CLM004438,1468,Completed,3980.37
CLM003171,1381,In Review,4291.67
CLM000256,1621,Pending,889.22
CLM002841,1370,In Review,2975.77
CLM003452,1458,Completed,4582.72
CLM001261,1218,In Review,306.05
CLM001970,1954,Pending,3993.18
CLM003161,1120,Completed,1306.56
CLM003961,1960,Pending,3381.3
CLM003267,1288,In Review,3615.28
CLM000684,1511,In Review,4635.37
CLM004222,1557,Completed,2593.12
CLM004196,1337,Pending,4256.33
CLM000379,1380,Pending,322.06
CLM000073,1505,Pending,2160.66
CLM002301,1565,Completed,2253.64
CLM003951,1833,In Review,2737.56
CLM003945,1387,In Review,2458.57
CLM000756,1565,In Review,4843.01
CLM001423,1881,Pending,484.84
CLM000834,1003,Completed,1398.58
CLM000619,1912,Pending,4846.28
CLM000127,1751,Completed,2281.98
CLM001973,1591,Pending,2898.67
CLM001114,1200,Completed,497.03
CLM002291,1985,Pending,1491.85
CLM003624,1201,Pending,294.29
CLM004669,1255,Completed,773.77
CLM001504,1198,In Review,3203.24
CLM003492,1072,In Review,3841.75
CLM003804,1950,Completed,4363.42
CLM004384,1687,Completed,1332.18
CLM003573,1218,In Review,1731.03
CLM000574,1735,Pending,2890.05
CLM002250,1432,In Review,510.06
CLM004575,1406,Completed,4052.92
CLM004284,1794,Pending,2468.13
CLM001883,1792,Completed,4830.99
CLM000840,1092,In Review,674.85
CLM003238,1663,Pending,753.12
CLM002043,1079,In Review,1808.03
CLM001172,1207,In Review,1113.13
CLM004923,1091,In Review,3513.29
CLM003005,1531,Pending,4739.37
CLM004019,1052,In Review,540.53
CLM002549,1082,Pending,1286.96
CLM004320,1073,In Review,1265.7
CLM002083,1409,In Review,2594.46
CLM000420,1443,Completed,2314.92
CLM001410,1129,In Review,3661.64
CLM001503,1770,Pending,3689.89
CLM004775,1870,Completed,2906.5
CLM000463,1183,Pending,2996.01
CLM004727,1577,In Review,4227.35
CLM004187,1664,Completed,2044.99
CLM002630,1364,Completed,160.48
CLM002386,1195,Completed,1143.85
CLM001526,1014,Pending,273.27
CLM003519,1209,Completed,2028.13
CLM000036,1134,Completed,1853.39
CLM001861,1383,Pending,583.29
CLM002835,1474,Pending,3799.63
CLM004072,1593,Pending,2810.0
CLM004615,1582,In Review,1205.94
CLM002770,1503,Pending,3819.72
CLM003096,1476,Pending,3372.86
CLM000750,1296,Completed,1038.82
CLM004590,1381,In Review,4916.15
CLM002347,1443,Completed,969.39
CLM002526,1683,Pending,3881.33
CLM004854,1122,Pending,4844.6
CLM000969,1288,Completed,3654.96
CLM003575,1961,In Review,3362.31
CLM003890,1209,In Review,4526.28
CLM000904,1493,Completed,1418.75
CLM001143,1918,Pending,1458.06
CLM004404,1575,In Review,3241.69
CLM002001,1389,In Review,4422.48
CLM000660,1062,Completed,3125.13
CLM003208,1893,In Review,4887.54
CLM001879,1938,Pending,1192.22
CLM003285,1408,Completed,4146.81
CLM003204,1978,In Review,4643.59
CLM002959,1519,Pending,2192.31
CLM003723,1244,Pending,4813.71
CLM004583,1164,Completed,1090.52
CLM001947,1985,Completed,4768.89
CLM000303,1092,Pending,4523.76
CLM004020,1954,Pending,424.11
CLM003836,1283,In Review,2654.52
CLM003365,1820,In Review,2691.31
CLM004262,1887,In Review,379.17
CLM002095,1710,In Review,293.7
CLM002668,1123,In Review,124.97
CLM001243,1566,Completed,2670.09
CLM003522,1931,In Review,2372.7
CLM000324,1189,In Review,4708.25
CLM001069,1654,In Review,1777.3
CLM000322,1821,Pending,3325.31
CLM002480,1316,In Review,137.06
CLM000645,1608,Completed,3351.34
CLM001472,1821,Pending,4575.95
CLM004587,1196,Pending,1838.36
CLM001452,1284,In Review,1638.88
CLM002498,1592,Pending,3167.55
CLM000798,1108,In Review,1709.91
CLM004756,1794,In Review,2071.85
CLM003784,1208,In Review,1438.27
CLM002472,1114,Completed,1789.96
CLM003541,1963,Pending,3429.11
CLM002986,1752,Pending,4619.64
CLM004484,1907,Pending,2957.27
CLM003356,1893,Pending,149.16
CLM002030,1505,Pending,1393.07
CLM000072,1790,In Review,4765.97
CLM000721,1817,In Review,4560.58
CLM002655,1330,In Review,666.67
CLM004359,1995,Completed,4551.24
CLM004130,1203,Completed,4826.19
CLM000680,1712,Completed,1690.4
CLM002392,1855,Completed,3534.93
CLM004026,1977,Pending,2843.91
CLM001102,1666,Completed,1751.54
CLM003104,1314,Pending,851.35
CLM000115,1264,Pending,1897.91
CLM000641,1288,Pending,4646.2
CLM000029,1581,In Review,4075.12
CLM004817,1690,In Review,1720.31
CLM002481,1480,Pending,2783.61
CLM001419,1679,Completed,2089.21
CLM001090,1005,Pending,2384.57
CLM002897,1643,In Review,3829.93
CLM002398,1770,Completed,2760.73
CLM001047,1140,In Review,987.12
CLM001363,1281,Completed,1418.27
CLM001698,1289,In Review,2882.19
CLM000301,1204,Pending,3494.82
CLM002341,1692,In Review,2589.79
CLM003079,1558,Completed,3139.03
CLM001199,1903,In Review,3967.95
CLM004529,1331,Completed,2772.42
CLM003109,1647,In Review,4888.24
CLM003532,1402,In Review,1254.29
CLM000550,1232,Pending,4606.47
CLM001465,1713,Completed,1313.53
CLM004951,1031,Completed,2705.06
CLM000665,1788,Pending,2333.94
CLM002389,1191,In Review,1927.13
CLM002063,1406,Completed,4817.4
CLM004588,1602,Completed,1434.28
CLM002865,1856,Completed,3406.86
CLM004402,1582,Pending,4039.94
CLM002298,1297,Pending,1065.33
CLM004182,1034,Completed,4868.45
CLM001859,1897,In Review,2778.54
CLM001416,1219,In Review,4581.0
CLM002471,1710,Pending,3353.02
CLM003626,1617,In Review,3282.19
CLM001132,1999,Pending,1793.37
CLM002742,1331,Completed,3875.89
CLM003436,1051,Completed,245.95
CLM003849,1016,Completed,2823.52
CLM003642,1853,Pending,257.48
CLM004153,1008,In Review,1603.67
CLM003090,1179,Completed,571.85
CLM001893,1002,In Review,4566.8
CLM000300,1277,In Review,3178.48
CLM000576,1693,Pending,3375.7
CLM001239,1803,Pending,4270.53
CLM000108,1166,In Review,3691.86
CLM004158,1250,In Review,708.56
CLM003251,1273,Completed,3125.94
CLM003899,1592,Completed,4893.04
CLM003115,1026,Completed,1149.17
CLM000148,1117,In Review,3136.6
CLM003722,1738,Pending,2861.71
CLM002295,1351,In Review,2019.07
CLM004892,1194,Completed,4777.71
CLM003557,1652,Completed,1846.36
CLM004100,1272,Pending,559.03
CLM004138,1316,In Review,4816.46
CLM000171,1401,Completed,3673.18
CLM000169,1754,Pending,1778.0
CLM003851,1528,Completed,1474.51
CLM001065,1695,Pending,4647.33
CLM002003,1047,In Review,1440.39
CLM003705,1015,Pending,2732.07
CLM002084,1469,In Review,1153.28
CLM003744,1920,In Review,4976.55
CLM002978,1704,Completed,3870.59
CLM003514,1282,In Review,2881.41
CLM000652,1013,Completed,3754.55
CLM004561,1347,Completed,4590.2
CLM000996,1366,In Review,4819.31
CLM003594,1227,Pending,3951.49
CLM003223,1627,In Review,4260.42
CLM000315,1372,In Review,2049.19
CLM004116,1817,Pending,2019.93
CLM001550,1735,Completed,4060.65
CLM000146,1540,Completed,3822.16
CLM001948,1976,In Review,4514.81
CLM000990,1539,Pending,751.75
CLM001709,1404,Pending,3484.98
CLM000061,1407,Pending,3273.48
